"","240","250","260","270","280","290","300","310","320","330","340","350","360","370","380","390","400","410","420","430","440","450","460","470","480","490","500"
"300",2800359.35565191,1445861.296265,1083461.60022904,1120435.64530167,1265601.672034,2597687.01188734,-2388844.10133269,2802823.92747347,995241.01746308,743401.871414583,529809.071091258,452836.200849071,415795.740079845,381620.056752402,343060.052601465,324437.709050196,284740.258996874,273237.517037526,254387.982746532,238602.228739839,227099.785781504,207084.789755829,197178.803317526,199075.696895916,165036.873261687,153116.572147878,141887.535811523
"302",2796905.67217895,1403049.09857396,1047095.40729994,1037919.04111582,1154416.28543103,2053976.05167565,-1174548.87522109,4358920.02583403,1093236.30553999,706097.327383651,532673.863836387,442310.089999797,401888.627210579,367116.119588548,327488.136376732,308269.421044065,273795.064853055,261699.058141173,242090.866346894,226611.093378956,214617.902290973,196160.871281918,185692.606437534,169478.315529092,157431.055482532,144520.115499398,133707.446062886
"304",2743201.06388345,1355457.73780067,1011776.0259259,975258.94845922,1063293.81146847,1630655.8640245,-233061.843556361,6610733.33440755,1222089.33788957,700124.09786027,553054.674930903,433215.828960114,387180.823780062,352520.890081123,312968.674524396,291673.096869963,262484.911329552,248120.681802689,229879.490401227,215208.877625014,201945.558511842,187657.267789952,174135.14923407,148161.848211947,159216.212529769,136406.28025532,127061.927611949
"306",2762689.27118131,1342244.57057217,977444.475717893,922260.310497079,1019492.66327464,1354302.77016477,9194959.85304745,-1395952.95051255,1417226.49299598,722777.381927456,594276.718290666,425617.443311255,380446.279661193,345722.154997855,302812.029173151,277018.165331005,257030.74242882,235996.05839762,218632.508739444,203768.17145456,191634.105279757,181090.283913733,167174.200990736,139864.132402116,173390.439694637,130745.304858549,120476.57475894
"308",2723890.49163249,1302730.13509672,949875.748100321,876601.919583183,973228.386540459,1178197.26169055,3918082.97173877,-2233290.90713909,1733284.22563728,754505.426332566,611590.507365743,423443.140825072,368661.975834472,338253.026666017,291374.068827127,267154.704070236,250993.012027307,226565.882446986,210546.316011759,196260.708027054,181837.643624894,170813.078611105,158195.429673024,132542.512790853,154162.499535729,124676.095929564,114461.482026195
"310",2660315.45257187,1284929.65129957,914732.8664029,823879.097347769,898672.848071592,1042468.97459446,2436437.10037278,-2102093.83945053,2263592.05720149,809804.196505456,583595.995051159,422530.369692683,362136.163793731,327411.544259109,280366.629672338,256816.075887367,238770.014377765,217589.157254563,202238.141476349,187535.682497676,172810.575546757,161880.768992358,151185.222227404,126782.717592745,129609.120009847,122516.5169979,109876.672837436
"312",2639816.04207601,1232894.80185781,869756.445269863,787777.426174544,808679.827996,931470.304409815,1734755.44606981,-1012453.42292989,3328003.0933219,891428.255436482,561299.941350904,432286.98955799,356892.670083291,318441.122716699,272223.598791504,247775.66816862,226553.031487842,212432.240014135,192555.749735551,179139.948299406,165788.175131161,153842.212499061,145558.442542661,120721.981951244,122324.972638695,136265.102321817,104743.459970721
"314",2539456.58041938,1201350.72185062,824537.623429393,752481.238078706,746962.992129926,845787.164053661,1339986.28500231,-190199.250555554,3878480.82117331,997325.556721136,566404.774569463,466404.818847173,348618.743339071,310506.49472145,265354.687511235,236810.201402776,216536.364614932,206367.998483216,184204.540883467,171211.93800272,157201.862854854,145344.337217309,138698.820158044,114294.57526922,116064.735976437,130122.492196157,100093.995742734
"316",2474214.1534918,1164450.13046223,794753.515883561,720992.734949099,699806.01914897,803744.123704457,1103792.85333569,5641513.72781762,-1115184.82908392,1161074.51075958,591451.780961472,500658.735165559,347049.631705493,303414.481513015,261227.430739703,230416.432446543,209685.907824475,200900.447342568,176365.603960162,164085.396880524,151071.948755384,139730.496940752,131186.107360789,109625.297621616,109753.863935589,105664.690617176,96891.8787390883
"318",2460058.7511931,1135557.70636601,780855.055495704,693940.664461868,672214.264784909,779756.609836617,956708.398216794,3175597.17401414,-1859755.78627726,1413639.59717186,628272.130126664,490200.734020915,346028.637157484,301265.629540811,256074.80395744,224320.854664861,203337.888601871,192581.558859445,171502.378336112,159559.699122049,146189.630825345,135158.838953827,126251.300023602,106671.761113129,106695.686129106,99725.0049056377,107410.774076666
"320",2435045.27404627,1118902.22779731,754358.624218742,678472.560333771,634255.250146632,729558.788031503,848724.255095202,2048367.60525221,-1843895.1543545,1823647.75083847,683102.11327753,466049.158287465,353888.849079959,296629.443296414,249254.796232827,219605.795817008,198004.795931396,185433.414428559,169369.387039175,153245.025156404,140994.015135119,129968.756986056,121949.04833604,104033.343960863,103217.009142512,96374.9113311274,111849.939428666
"322",2423073.80372541,1090525.36473003,748200.104800881,651928.510573133,612602.809428575,665719.91751422,769766.99160866,1487527.96815372,-1024672.91892551,2562705.94832783,770823.707480863,471120.809002019,379719.536545615,298461.36390553,249351.861799476,218176.769984047,195683.4017381,182156.678736538,169572.266343969,150183.093808428,138005.410852371,127486.79973081,118921.142006753,99957.8916219061,101011.320490914,93690.9671277329,94985.0372374255
"324",2380078.00747926,1086748.47635663,730464.23391151,633629.071007122,595375.433222398,612154.172394726,703571.532538984,1160030.9969072,-220482.05929397,2899895.74268942,886242.162160907,492844.543095675,425980.375597528,300081.100362767,249677.999200307,219975.158209894,192656.220747086,178974.565394021,166716.950454532,147975.300393282,134876.035247798,124110.178672846,114668.936189459,97605.9764483646,99313.5957953819,91476.8682999003,85786.6704258202
"326",2376746.77373063,1067637.69675788,711573.176149817,616588.827730758,578298.383670644,583192.785739117,664243.121018035,964967.163701602,2032483.06060827,-844830.726444284,1045697.59352683,520817.185882812,442277.167375043,302524.87704067,247902.497627854,217952.184970162,188803.609699837,175740.704167685,160773.624107932,144240.517366768,130170.910394297,120144.149428065,111674.059986424,94340.5466043693,96948.9019804613,87543.3212032146,83472.9609970896
"328",2348474.86008049,1050358.12850862,694448.417373428,593740.181350648,558123.230793783,555396.694428388,644591.916442636,826088.367407842,2861122.69261725,-1575886.20070323,1275462.41480021,557542.992576221,418770.990821429,304542.901764309,247083.163688964,211651.679067596,182836.241258399,170529.763033195,155253.623599708,142111.831188749,126026.836593299,116976.841966572,107981.832551828,90398.2160105994,93212.6046393042,85057.159095941,80242.0234342264
"330",2279514.62404646,1032545.67745355,678241.166767351,574823.002385085,534713.340055232,525239.494986652,609900.832724718,723127.722207366,1881014.11728851,-1669663.27858444,1638152.98190894,607012.983621785,402640.89523284,312472.303291074,247080.493025352,208545.724883625,181046.344054927,167110.582237182,150416.77053732,141613.666694972,122419.373444063,111854.850799818,104367.25199388,87014.6860815117,89240.8479883671,81509.4903733121,78295.6305399326
"332",2241478.2343268,1014371.52776705,651110.632525383,559056.924803451,514403.715099276,499342.437281677,560184.545620102,643819.126905991,1344365.04549155,-1052989.27190551,2212746.37994971,681600.353801063,416685.931452459,348769.596410606,247215.192364728,207697.932859686,181943.874141472,164156.102941412,148013.732667399,137670.03855872,119125.140710683,109329.353062809,100898.632117989,84742.6939409664,85736.5380173633,80652.4590016993,75354.3655489338
"334",2217730.48877472,990551.270621588,645632.124244759,542473.433255382,494035.570163886,475109.394525473,505735.671062062,580863.236515433,1034124.11059715,-273513.501817449,1198038.87647176,785035.198876444,435881.734661676,383495.629644959,247117.385831509,206153.314648647,180158.347421724,159753.562630999,145104.263885069,132731.991271066,115454.079377427,105391.443216512,97714.6934484137,81727.8490215597,82895.8037287004,79119.4462460641,72736.4848873128
"336",2192140.96941039,970296.899355657,632568.915282314,524233.304428517,476521.415251005,455292.932266474,474258.151737052,539259.163280719,844918.997529188,31445.8728949971,-779613.926014671,925311.221214075,458877.906930561,378694.221060013,249942.343573725,207358.662084505,176356.796727214,157273.932443279,141920.826562784,128496.012765704,115518.842324001,102650.239654312,95041.5623184672,79618.7659897615,80938.8767127668,76408.0334618704,70653.0198404493
"338",2195488.47941026,973991.3925389,616166.823820304,513205.10858661,461774.716869891,441367.627964391,454875.156233993,522267.994632009,717502.023270089,2451514.86390019,-1378714.75836358,1140881.25357405,499157.431915233,358137.219272872,255428.764255509,210412.20783253,174536.16387537,157034.137725506,139640.706399053,126722.293167963,115052.99207773,101124.81610588,93443.09981719,78203.7667824725,79095.7618638944,73668.5494566907,68796.6463241437
"340",2152482.63908491,954019.796328995,608658.250002889,497092.921921615,448202.623055994,429746.77319051,434460.38953756,502532.529912032,629242.338133677,1714980.69197348,-1425284.0753227,1460447.11499585,548743.836530335,359527.777740323,270547.217660009,210881.389427872,175868.389716001,158081.316172249,138642.893991002,125457.736767337,112710.512586085,98169.1742955066,91485.2690757389,75881.8474570336,76596.0018067184,71628.9568994886,67676.9908053458
"342",2152280.71316649,947933.179835673,597749.145455525,489417.949995408,438480.549631735,414902.501771631,412911.360861597,474871.156613687,558846.304373719,1240436.16434971,-876068.707272887,1883571.7534495,626755.966445639,377393.880216625,306727.321727431,213254.51093595,176115.357317245,158445.949917333,137397.837172698,124413.343206633,109587.741958307,97374.4135066678,88673.728037049,74225.2331100987,75334.0373144267,69740.2931356255,66581.7725813395
"344",2165865.79522766,937109.879198471,589585.478275475,480772.394990096,430162.755864612,402578.655581824,396428.389378853,430480.265852103,507986.290382692,956045.612374008,-214373.1091516,102502.347905822,724899.33343293,397673.202473609,328486.46443673,216995.229615641,177550.505494459,156418.453734725,135628.679014472,122996.136589303,107474.050470407,97554.4307047531,87516.9826754353,73378.9197711973,74463.5329844605,68903.6005185247,65038.7726626156
"346",2164507.0047193,932045.920957337,585928.068369971,472229.835634372,416269.425095474,389648.965618356,381063.068046237,396863.263582881,463043.063681777,776027.49518133,150850.438460374,-787246.320687894,860993.268544954,422704.554613451,318103.510282913,220705.375223645,179479.309536149,154845.130531742,134345.094155321,121201.981580896,105465.235269341,97299.9615753246,85965.4516271176,71828.0796135248,72511.8420208689,67074.892726379,63628.5896098301
"348",2126418.56552873,913943.549207302,574463.003127143,461667.123404885,408285.283690855,376934.69569576,368760.991917192,379508.358301561,436597.136761041,653618.491229331,1933278.81629241,-1239510.77340351,1046416.07884144,455399.180276472,306530.847273054,227235.007180378,181139.736507596,155724.954386336,136238.046243388,120878.757451637,104624.346578083,95339.5798015816,84422.6196434625,70092.4226790978,71079.3481769787,65046.4091152798,62053.9888439668
"350",2129910.10773555,896324.304471612,563741.961892693,449597.514332988,392564.701440358,363154.276614118,355673.645600522,361187.837795096,425050.266496673,564597.496927161,1433896.0139143,-1216576.42923625,1308519.96818138,502819.722988414,313625.064368149,249071.267802552,182214.317665606,154590.162674452,135671.329817207,118940.767486413,103261.885279796,91544.1084151563,83208.4745907674,67991.6327508919,69501.147818059,63729.4140514372,60459.1060386887
"352",2110661.40818076,880946.241531415,555147.00981318,439517.251677069,384961.286823961,353839.625958022,345706.56591549,344793.670849266,406843.675303007,498173.684891394,1063483.65594815,-711781.363436491,1553779.71129024,569352.382233246,328281.898352802,281805.755529739,182986.049946183,155373.836328078,133491.154268799,116759.875295726,101586.520799758,89759.3557686552,83794.4962310436,66504.8200959169,67650.0772821634,62832.2955754642,58984.0748521971
"354",2091907.33264006,870364.745737001,546806.77856661,434151.733733807,372893.308595541,344870.764425709,333559.084704003,325907.526878516,375424.871097158,445476.584977454,825662.930634677,-158628.338767792,-117551.144218089,656675.176767146,345349.207603908,284611.666125008,186765.641796175,156933.21357875,132090.615173313,115891.532900325,100776.827063082,89103.6238555856,83038.2951200254,65420.4547272781,66493.9236575625,61168.7565480097,57765.1933261205
"356",2053270.61543427,862229.456238427,542003.643622179,424444.95387808,364885.035752811,336832.189173715,324021.261639739,312768.370343275,336863.041205376,405081.671576822,670379.553488498,258617.154089006,-740027.020926999,773829.485214279,367036.689296932,268655.491734459,191430.958533607,159403.543473911,132081.76000388,117496.184216087,100517.197498335,88365.0544297775,81247.9473819794,64552.018067007,65163.3215526565,60759.1651921199,56487.5927094901
"358",2028491.65225228,854585.955860791,531238.805715059,416276.939532664,357493.056334959,328844.452461076,313613.5020145,302569.855187152,316679.51815915,376033.374464683,570598.460347349,1526139.53203133,-1114630.11589747,935298.965707376,397467.040383941,266309.319696043,205466.118906326,160883.054818365,133084.085156761,117990.979760926,100130.937431587,87314.6018019631,79261.5914453444,64262.4643991925,64638.2807020915,59062.7181011861,55902.1281422106
"360",2013317.5881554,850815.92490723,520416.053080857,409303.55452567,349552.227464236,321234.575728333,303716.802817045,292866.523742326,304654.433955893,362384.952731697,496578.835182167,1213595.02520561,-1093592.05286254,1149639.1072492,438236.828876148,278406.597392064,235816.710414769,163661.208312327,134081.812982531,117205.877350641,98966.6214072186,86399.9838354572,77702.8736973035,65113.0715702641,63159.5733327729,58486.784325871,55579.8603069274
"362",1980992.24912447,842087.650601259,511178.731938073,404379.029511148,344149.012880275,315138.346807084,298057.149629048,286246.337876039,291848.987514374,358021.291609958,439236.998780274,928054.419878845,-665824.88791719,1302519.58684748,496767.914378571,293205.812463187,251885.718144471,166335.420442957,135662.693535852,116275.036239837,98701.7123746378,85653.3371284805,77345.5709700956,65489.6119502742,62384.3518405428,58383.3673239819,54582.2432158187
"364",1970557.19313497,839387.491144267,505591.276484166,397268.903791555,339917.935927092,305329.810159111,291309.958297425,278799.23258854,277987.089384855,340829.827362401,394248.889397727,731372.037367654,-150859.759268402,-109360.391414812,574135.489098723,311316.156923203,241664.877009167,171955.405602936,138828.057194476,117447.797698399,99402.874008684,86765.8424835312,77162.0743658755,63814.5876100714,62799.4907895477,57294.5224616244,54136.0923537737
"366",1982409.8466745,834703.204700495,501874.798675701,393953.251505835,331874.488583035,302135.068132531,288180.175555995,273056.423900734,265554.01750452,310604.785481523,360587.246958749,600413.719668473,183356.048705966,-679986.742321249,677748.125427194,332938.476302351,232152.643032715,180022.402809694,141403.66673081,119171.603332697,101347.686073923,86162.0320298723,76709.3811993554,62509.0633199198,62890.8336406463,56701.6874115292,53552.9951524812
"368",1974771.66623341,824660.31311211,489821.611088439,395856.693987342,329796.627599872,296997.702713633,282322.694370077,267109.503705276,257707.994255106,281205.375597197,333392.337904041,514700.235704438,1299322.72349071,-1026100.9620247,816828.732962849,360935.432508443,242274.872611091,205371.135242733,144017.804364941,119956.601050934,101403.858766853,85560.4830162534,76507.1276426657,62243.8202256973,64021.1426188857,56750.6499966354,53976.9717432993
"370",1937748.14076609,810366.117744336,485568.295993521,390027.387101799,324902.555280195,292799.367808265,278131.048392288,260947.024371037,249041.407626457,270376.679272046,320358.632820081,447167.706567659,1091262.9472393,-1018776.33532075,996136.41642437,401214.33847244,255237.473546885,233581.990351508,146668.779001966,121977.776838708,100757.139949766,85557.9410799432,76666.5934861382,62355.2111673541,64131.8795522271,56019.8274786214,53379.677295599
"372",1945144.85638999,800853.417137194,479053.37454459,382352.869209033,318775.025355422,287295.410630545,272547.424726186,254206.278349745,243913.150396583,260716.482133441,319509.146702857,397603.693301988,852351.187578351,-640795.72654777,1115682.99138261,455274.281470935,270439.515674811,231820.151773079,151023.379688752,124845.252923439,101995.73921065,86114.4285122492,77608.5072373571,62406.493128789,63348.7230469838,56370.9720809129,52672.7336824565
"374",1929044.73571306,792416.156871464,475436.163121623,374218.262812178,314052.971351115,284309.616462443,265323.971199277,250560.638354954,238057.668104037,248375.009836308,310588.926215181,356430.862799036,679864.052696409,-154651.003099166,77561.9802193357,523738.500799776,286418.525237479,216748.063768282,157140.866063611,127197.745198283,103324.150255453,87566.8315623624,77165.4626506066,61732.6508592978,61996.6382122689,56748.3898403104,53223.031747664
"376",1913368.16416466,789559.915121504,474028.34097629,364253.785311053,311901.303312414,279348.216659657,260716.543243231,244925.108629848,234054.187914836,237959.064696043,287328.116888601,326426.778633394,563119.03001887,33071.0143546414,-540765.829619007,615450.878938837,307092.117514637,217392.326547247,171013.953220332,129115.931744231,104020.234240125,87949.0136791401,76817.7512457732,62196.0273338776,61944.1876880095,57912.6163829268,52405.5482800713
"378",1918559.75513214,784983.00396863,469513.904296847,359047.806881255,309444.120488017,276988.655740304,256952.101241299,242688.983907508,228489.064462621,226862.42365541,256395.354924895,302082.909805353,481923.121418676,1118461.73871232,-910742.661869595,739122.25852204,335519.427219949,230394.958230616,202081.662844604,132236.447929678,105692.10896481,87646.2191731177,77347.167073678,62444.2959659265,62565.9228401177,58063.8176742413,52733.0345383674
"380",1897360.70881734,784065.118425192,467126.114610012,355763.406353848,308794.35972432,273747.640541423,253057.357420034,237747.787800174,223255.59242949,219579.501996948,239749.138267608,285439.50913823,419937.163797521,1010524.25619142,-950972.469284809,888337.884171403,372845.717098672,242990.258238814,215592.566901667,135517.076937942,108127.821635735,88054.8953170998,77714.7048274582,63097.1010042672,62448.602504406,56996.7761239524,52997.4815168768
"382",1915670.66317281,772723.5258875,460851.131275833,350660.990117298,309872.201055118,271376.657838551,250911.335894164,235667.921214387,219141.868923356,214640.598946126,232884.253487738,286090.612239147,375200.626435644,818646.057640458,-710400.512281954,975671.530469033,427157.529571409,259595.491451424,204613.860945941,141450.361538602,111797.880343297,89853.6638756745,79861.3509595012,63546.3004131056,62664.6731136003,56950.4481866748,53759.2631037922
"384",1917366.54119615,760058.634004554,457579.492144076,348444.534775218,307941.226331135,269690.785507569,247927.077456088,232599.350086023,213359.859011768,210906.002735863,224765.66651097,286453.438814369,336928.708426077,655325.200727312,-211793.228710404,71759.8831772861,498171.567053223,277114.004979632,195006.042839562,148226.644803282,114347.540687353,91246.3167249845,80730.369320699,63984.679809894,62968.3391224538,56616.3491295979,54419.1115477852
"386",1928966.14708495,761832.231944484,450132.04215227,346074.871520255,302058.17211515,267706.540979931,247118.849301342,228654.408568682,211637.652119841,207184.582320053,215978.22853361,270437.40788538,310079.191124333,547711.007712324,-23430.2845104205,-499870.104396677,592555.145153213,300088.579730468,204195.160735088,170711.12999281,117112.468438686,92390.1430591893,80532.4306654241,64376.5906757098,63803.15391162,57752.8466811826,54807.663891763
"388",1926800.9599972,760959.712253789,450254.32618057,347153.704652661,298017.495794896,268539.413491349,247011.390681523,228369.114344949,210999.645238935,205936.499776092,207729.082566304,246100.405555768,289216.602257083,473831.772287455,924128.801162587,-860263.416412243,719273.871234303,331786.765496652,220155.445612069,201023.092570883,121198.916691416,95436.5747239628,81957.7716226933,66171.8758424407,65455.4516471679,58113.7289636507,55212.2467348057
"390",1900794.54737154,773831.431869291,451347.524405655,345652.571499757,295693.125729141,268058.032597378,247548.248145124,229352.322158887,212365.532711123,204557.57740418,202529.918197991,223870.893894381,273724.910214774,418007.525688095,976141.037534691,-914338.658057754,865832.995658048,375212.896584333,236688.165583549,206366.493452891,126362.49554666,99928.7674036898,84505.775030019,68415.7912718098,66069.6596481029,59302.9893195926,54900.3465747499
"392",1922905.99358856,783624.332975117,457173.816577488,347611.861601269,294315.498029797,271005.785654919,247578.843107166,229219.409608258,211448.684751865,202759.564261778,199097.81786431,218025.794037046,270574.970668647,373692.253304153,820664.610105508,-721822.271376396,905703.161846261,433502.785507538,254888.832651416,191576.302959927,133000.077550871,103043.434168495,86390.4472698623,69672.358086293,67050.1375116455,59596.5847840562,55323.6559738325
"394",1939882.69514718,798288.679528322,465298.910900446,352929.440915175,294339.596311246,278862.801981552,248916.131316455,230107.32679837,211913.22440986,200063.130056412,197546.626286998,215196.446362244,280172.146212922,340622.455645904,667203.118109624,-236523.830305763,-68739.4593119033,512681.155850109,276094.807906465,192293.347555948,145627.818330097,106469.594679211,88404.4492434091,70278.7962243409,68597.933266408,61294.2865428159,56669.8196777368
"396",1948931.12874705,803047.084784708,464926.955264141,352613.742360656,294890.180995096,280135.341043881,248740.166913905,228585.418813898,209826.559668449,198230.42674159,195617.856587062,207021.592257103,273760.679266694,312123.244142229,554271.029933146,-25748.5265550399,-571027.368089764,612529.365671944,300087.457521071,205982.962370716,173071.510465858,109744.830606786,90746.3575843619,70826.2770338678,69431.2064582129,62595.3276551565,57618.2930964047
"398",1897493.10948203,787012.905212281,452377.258124163,345899.533590325,290141.351593094,272238.600028074,244782.273378356,225419.053849216,205546.739464397,193129.926949049,191193.392558778,196358.075264612,248764.679007425,286257.14900046,470564.492256053,797482.571421987,-867731.62218023,733236.234204103,327688.242794086,219029.93841082,192005.36726093,112384.060308975,92413.6766601626,71473.8723909081,71019.7631461277,62110.3628814611,57333.2374810718
"400",1840877.30617272,761950.645706464,440904.475386187,337913.599494488,284992.942789894,264378.272873244,241629.070951983,221671.529431691,201693.878838375,190644.882905381,186625.472898059,187277.922193306,217956.695202695,265322.069880018,408125.820549342,907271.656622836,-882532.6350688,866534.607118731,365328.682052433,230507.592420149,184267.483905962,115730.376914402,94369.1918872417,71876.4298933953,71737.7716425192,61886.9592009755,57198.6087710523
"402",1823568.25354354,748949.114992333,436038.032268678,330012.703697467,281387.655048666,256714.642944467,238994.247582241,221998.317978009,200027.629921712,187966.894341865,183105.137059421,182375.883148308,205676.670793219,253860.854566738,359735.672791336,773852.972505709,-669786.206604773,859618.233969609,419132.145130994,246416.657487682,169943.740954825,120906.681159348,96057.173721427,72386.5358015651,71273.8321788099,62129.8370215725,57088.1013157682
"404",1818346.539861,744965.037249964,433148.35609861,328771.831313187,280224.644945925,254438.281912393,238511.626205639,219982.241308311,197862.40469325,186605.654204678,179405.113125076,178105.403853879,200018.793641865,259668.239530013,322481.229832336,627907.747911572,-196795.511075515,-118271.820955515,491809.720358587,264460.891657811,174635.260525404,139595.114368567,98380.2486862332,73973.3589544177,71195.5896333117,62902.142205971,58148.6260504113
"406",1832567.47289473,745227.299879913,434253.426079234,328545.624719287,280023.990078476,253465.909567458,241132.110679325,220603.319045055,197603.99701918,186425.886967112,176988.372137139,175911.653940305,194129.292132221,265730.03845597,294494.887385082,520363.146463476,-18506.4738964587,-595723.470040727,588140.057279608,286371.848713137,186367.788418238,166333.428070059,101032.163654012,76233.6825551663,72516.3560055922,64436.0698512776,58593.0989724002
"408",1855243.18991681,734767.590283792,426512.202911133,328010.63467464,278821.971796557,250118.481959231,243147.351308322,220188.348777184,197212.899026182,184413.810606173,174565.440824556,174468.417100753,187579.644515631,249519.729169031,272278.043351964,444045.825512238,791231.943892324,-859884.038351474,712232.833108591,316420.688804805,200617.831373279,168899.34568928,104872.65140042,78520.7982350951,74121.1799993303,66446.6370946026,59051.0892572987
"410",1852048.95880979,736222.668427774,426120.823389782,323821.277075196,276108.838431264,249690.606486368,243706.095051816,220349.902535169,196759.860078019,181856.673657862,172867.135020252,171885.642816042,179945.061059234,221756.961513479,253098.838276641,388787.624750665,848828.811830051,-865206.305388615,842796.863580956,355455.940019032,215259.373367875,154649.77728897,108617.23848784,80268.3110000334,75060.8777101265,66372.0946492815,59596.3540946965
"412",1840938.72779234,733426.742831737,424118.444765176,321116.344091538,273075.229890242,247457.888543922,238129.088406341,218922.178225809,195812.063233949,179557.003666126,171245.858533075,168919.38789861,174603.519258949,199238.092063312,238629.199596524,343664.537146183,720300.206357575,-644485.489423017,824859.56830581,406913.262460874,228555.640151848,150645.72929715,117450.839355004,82049.3338491852,76534.5271372975,65875.3397033844,60084.214141581
"414",1813622.99486406,725710.656437941,417931.199455276,316576.368788448,270665.36852863,245506.538111519,230940.239472951,217211.184756823,195361.192500097,177763.410045341,168835.974428071,165443.160511294,170063.47484906,191708.992495808,232838.228859274,307069.165091177,585743.538153014,-176674.028995689,-114302.024834908,474787.913262151,244446.710575083,158603.022401546,140588.632386246,84074.4094311193,78030.2680757638,67066.8553374483,61090.8914142683
"416",1815104.32644408,717889.939628078,423778.306881548,315809.979728943,268277.109561942,246442.864100649,228550.759409489,217531.267948281,195557.036865709,176945.852949044,169930.62076609,164076.348334098,167323.372047548,187838.71912115,244427.697187146,281557.488488299,489440.288656642,-6047.7207257431,-580166.382910798,570042.190811872,265462.330588409,170421.442962189,157830.700985095,86981.0179684059,80513.8196163814,68002.2021578397,63366.3468676156
"418",1840541.52386159,732607.050046522,432111.99179966,319846.206717278,272472.714845504,249031.537946278,229722.022912102,222187.503547456,198836.356281224,179357.285136472,170663.855226542,163958.199738983,167443.134180035,185142.021056218,245385.902593687,262887.083034156,423242.697413694,789994.95978226,-849052.627424123,698717.19469146,296098.895011544,185543.034864568,151988.017431133,91458.5576864913,83589.9925499258,69935.9553955213,64779.1046932701
"420",1790571.22717986,716311.239069776,423649.54727026,317578.331645372,269978.838195777,246373.683099429,227577.529880773,224406.093067788,197446.323306268,178074.139431686,167695.666805928,160377.374143995,164512.069420197,176827.725647519,224966.942467223,243251.201244485,367221.551390126,839510.090259322,-861353.454061118,837603.359436615,329544.504188838,197432.610134304,138533.8057989,95435.2849786462,84475.3368640709,70511.8926750273,64098.2492339761
"422",1778230.73173889,713315.103564875,424288.775065875,317820.432110585,269836.909484039,246873.250878679,226340.840204462,228105.332180393,198033.997262739,176207.490513631,165275.3546917,158476.029238117,162000.552464791,167905.50292655,196151.273601884,226640.083626663,324325.687359162,708571.726104068,-649072.959047609,880069.135640237,376400.103895436,210852.878971107,140180.102996491,109789.951675908,85828.636106701,71181.0476800418,64409.9034016384
"424",1779568.67785251,712310.705120311,426961.732661538,318028.688725669,271560.681097774,246897.539972626,226606.816612814,226348.09919356,197056.698108785,175271.593038951,162069.404276014,156545.885614498,158298.744803265,163060.570027207,180315.781499789,215815.346848525,288632.251996884,573367.230923278,-173147.816907504,-57750.1013678388,441669.840869983,225815.726017511,148979.193490191,129904.55283353,88795.8184422129,73217.4596921719,65051.5456197265
"426",1821094.87250849,726394.528921354,429900.403501144,321552.513989555,272351.341002667,247759.093360499,226909.643538505,224132.748208754,196692.736747505,175731.060541185,160696.451622092,155030.490822347,155460.901401973,160185.151944463,174663.486851903,221387.735593735,262950.983997108,476021.066931429,4001.7978942596,-549583.576705039,530195.460103762,243867.611813059,159658.766337733,133699.225429414,91781.1197395576,75001.0346462432,65650.822795198
"428",1831540.15042924,742251.340906318,436688.222058669,323143.0639126,273247.401999482,247762.507767074,228360.749384599,219018.694375994,197750.677448255,175419.603662093,160178.452076155,154335.326811236,153381.0006852,158149.499476871,170489.655144441,229622.85901399,242834.876143991,407856.528871346,811309.213624849,-849783.089100085,647257.03768775,268201.917779072,171180.612140955,119402.796127431,94710.0592884575,77258.6636338708,66427.8229713804
"430",1833536.07775178,746001.081251223,439588.038173183,327175.047583909,272147.633358871,247490.27919665,228655.097869132,217042.292404297,198269.802046687,175208.539040093,159221.659798872,152988.956200009,151688.695791743,155805.49667311,166103.977838199,220823.76832321,226220.9103982,356398.54170052,822604.010573552,-872425.392668919,785212.822624949,302045.492694979,183801.232786912,115577.123811345,102412.046575367,78051.5857018503,67168.9804323732
"432",1889754.61836703,751664.686824032,442683.379683844,328411.709942103,275232.163995783,247792.830635427,230146.150953038,217121.112521865,201102.157406069,176762.233418428,159207.559243371,151864.0075545,149541.238823696,155084.813238544,159258.084345448,197114.97643,212404.09442059,316726.654618596,692247.173202112,-685729.892478519,865050.082121096,349254.802455415,198314.404818065,121271.755016487,126596.563127385,80365.0046486473,69756.7466408664
"434",1900514.34466521,767930.186125832,443686.109046582,335004.562768076,276910.609197756,249228.025924166,230833.312473257,217126.320321501,207826.013127088,180281.524484604,160790.593255305,151536.090001143,148673.34277343,154185.492467524,153992.007740978,173906.228948342,203167.06395155,285401.858080207,563769.657583774,-212207.823139515,119746.619784596,414215.783501407,214086.463690484,129936.505059158,143934.489247332,83762.5561651552,72327.8080655459
"436",1961486.70700865,781888.556197031,449443.080223258,338406.652518449,279148.680604429,251099.521634429,232002.233039521,221039.922165398,212903.62114442,182126.935935031,162327.756850017,151737.834449228,149503.556483973,153679.431594057,152514.895446156,168199.543374615,204578.285089343,263084.775815472,472025.070205521,-19529.2391202599,-456488.024660644,503296.30634074,234772.72134942,141226.66558664,136494.519811964,88232.538292808,74764.305115857
"438",1948168.02630174,772220.082064484,448000.952729167,336446.055819952,278280.843909703,251232.288626864,230992.472027917,219270.17470813,212720.096883142,182348.930514934,162945.255049999,149851.337183299,148305.965599104,150095.13182556,150201.633369517,165146.869676707,217659.334728161,242994.380536863,404260.589636866,800388.630201931,-813385.735637337,615619.225686273,259767.663433287,153262.685015117,123728.898329078,91821.6238591182,75727.9664643688
"440",1890064.81558923,753533.485335134,437934.613693155,331020.838980674,272943.818501433,247621.789896243,229647.753997589,217386.472620417,209624.211727065,181370.079421009,162481.338842193,149930.326519246,148090.383966747,147866.147276619,147631.251980106,160363.807657813,214894.2712405,225358.180288388,350783.722331082,861810.054431663,-858895.847772728,742010.352836628,292166.64569153,163783.25064137,125317.600948572,103962.831279374,77242.7346357246
"442",1834159.3366105,740839.77353061,430059.772310072,328349.900472291,272108.977718595,246145.596243266,227355.338158913,215924.822406224,203882.138850684,180585.483941027,161839.730663763,148371.54298108,147291.491661358,147073.491514971,146759.723021444,155097.705518179,195713.030451397,211055.307780329,310045.398090698,724802.302223221,-714101.762122838,790579.853364371,340188.621548056,176788.873358688,131954.916779144,130012.755760908,79680.6054826514
"444",1792909.13098029,727737.273740511,420563.358122031,326832.266990357,267357.777942346,241486.691122758,224585.996998232,214055.332311136,199635.018732032,180015.352519092,161920.305140315,147983.782175058,146455.124338473,145594.407837127,145048.227512896,150123.545190527,169544.840051359,200098.254303105,278726.183332027,585794.936420498,-259837.243431939,57036.7244483794,402104.622560038,190105.85482567,140515.79579187,136220.909139848,82453.6921750054
"446",1770705.7320359,711910.977547744,415887.772390507,323711.144306102,266595.328984755,241694.999674899,222357.221440922,212744.479930885,198877.453205788,181416.989346736,161221.66088841,147572.1019565,144729.830765035,145156.413673746,144915.552195529,146085.062670995,157839.088700821,195766.0036316,254011.756529277,481558.013672267,-26683.9025123405,-416805.146591006,489259.984075097,206710.442099377,152222.581515222,122560.745737848,85374.7509323469
"448",1927627.20971621,788552.636924639,447519.287633253,343276.142378999,280292.577203766,250122.652322057,230371.916923647,219450.356743738,206225.188312326,193657.900368476,168454.674542001,153258.618702837,148636.180402359,149448.628265362,149879.840324878,150795.589594986,161716.684759054,216384.785519785,245225.000462255,426586.083475729,740108.031749796,-757518.037800984,618225.467085589,241327.720467765,173264.354530804,122558.056855418,97042.0091973762
"450",1874309.97841281,766895.342318094,438925.879033905,336008.383360793,276128.2810513,246608.707594923,228300.484105839,217620.46549116,203390.365250175,195685.590393417,167714.702178186,152422.025052296,146205.212212363,147493.211693639,146018.097748852,148539.730108431,158236.891434957,223453.022199237,227151.371105011,369896.262013848,860894.487880039,-813564.923973594,737713.096440162,274144.089088114,187352.712557674,127509.602120239,115970.953708402
"452",1731120.11246726,722766.624380015,420038.782966643,312042.537016879,266497.420007823,237872.389503287,221822.8276328,211508.657576205,200350.589078072,192628.143846396,163602.75574487,148781.302638865,142110.120518425,143809.525092574,141434.94306024,144257.877766459,151457.144801256,206554.204771104,209275.865775978,320405.81298855,733738.914458534,-669446.48627598,752725.008958564,313417.775784974,197920.372785563,130918.857940925,132883.293830609
"454",1704214.85321052,710388.00781551,414313.148619272,309581.589515596,263764.986408599,237981.658350328,220135.529695464,210028.434802817,199221.8908241,188421.192123935,162024.801131784,148056.6717064,141771.650786397,143099.498735759,139524.835391431,142858.053620176,147269.542660991,179023.286307314,197575.317349961,287064.36431079,591635.980588226,-217427.092559821,-51239.2854646099,375704.829235396,213393.783803349,138631.741212463,127616.052144156
"456",1784108.23965827,741717.1212964,426690.74963003,319312.564372064,271603.004401842,242729.105793111,224566.915191684,212661.891976415,202148.66788263,184660.428657484,164211.164925748,149352.047022533,142756.368752251,143924.728448801,139875.636933806,144191.702163732,144365.154814631,164122.25652927,195247.365942643,265576.853847091,492877.980254856,-20171.2094918488,-472366.754601111,463640.647076388,238179.68145863,153692.483323261,117166.240699205
"458",1788943.62458131,733096.14886337,425084.293279821,316878.848942552,272694.342890069,240519.37421613,224064.919763414,210708.283631549,201323.047966941,182352.492014797,165021.433764158,149217.853004418,141500.268017937,141966.166211938,138804.074968848,142566.857591457,141408.595911743,159090.229017446,201379.206903871,244672.927998428,417702.59878094,715418.408910285,-751220.6857444,570470.04865118,264417.02284918,166656.611023558,119120.741216544
"460",1914892.13921354,774686.236856689,448832.06069409,333321.020341928,288055.585089608,247663.687315512,228581.541406754,214290.564217105,204890.514063281,184875.594539016,172512.137978996,153808.744966115,145073.465848117,143818.647129132,140748.423692396,143379.72820996,142874.949314102,159994.243154357,220701.946663507,235469.009899088,371099.825594743,808812.788534949,-777465.801529901,691303.744754173,312270.144797567,187443.627093955,131169.575079205
"462",1973398.40406029,788208.37344773,462669.246636214,336076.978320034,292150.392554367,250619.238511353,231614.647901229,216180.194738044,207022.031646875,186921.852092697,178983.85800029,155154.491396188,145433.507329908,142239.466591127,139124.572773139,141977.652161121,141766.175988841,158557.862655162,216445.554309438,222900.0615067,332125.238131339,703353.873975951,-621460.139122968,664267.440274731,367551.638108463,206207.122447794,140747.758881219
"464",1999443.01030619,794004.362560706,468245.681844115,340455.294632278,293894.512086341,253032.809959814,230695.908721566,216851.811092048,207155.397039439,187628.099423487,181497.868671435,154787.292337407,145060.464415666,140812.976210178,139363.205178871,140283.441337337,140519.423435852,153673.05369722,194669.793802758,212101.222513724,297315.503408247,573566.285999952,-187573.166252269,-81618.7282467936,441694.44119572,223897.608297691,151396.053118573
"466",2369427.46137036,918815.515491876,530658.933853469,377226.731043442,313602.643012647,269684.041917305,244076.180222517,227789.855930527,218234.331707255,197835.767854575,188572.813844205,163499.521619447,152850.101097308,148765.82130436,147001.636911943,146044.458888277,147969.888478811,157854.553102282,179993.457538425,216490.636977054,289659.007641485,501690.982879143,-15600.9108864753,-508364.095400117,566153.184698764,264197.334905053,178744.369061562
"468",2209375.4407271,857144.338086245,498041.787755301,357041.269281335,292264.511273795,258951.175121781,236092.468168823,220615.552136351,212934.558813238,193391.843885831,178575.78280227,157631.700283214,148271.179512576,143357.323905821,141839.072746746,139352.73052342,141478.959043147,147426.624097729,163631.662084971,202850.030142977,256229.662934747,417177.068837426,693074.864668105,-733116.222607347,675243.735731505,280417.532211496,185716.679722358
"470",2234889.15708257,804472.532452992,470932.473083478,341152.594643307,281755.213200332,253057.069593557,231304.562473734,215107.767983739,209840.72414388,189174.606534365,170837.132688757,155042.329931595,144805.472982055,139406.819196444,136698.330697971,134482.062115097,136724.172930154,140091.023501028,154502.949670918,209591.708829775,230805.154665965,353361.340456991,797157.973403094,-729968.585385343,814613.114584125,306536.614285092,193440.389130116
"472",3351568.562467,837169.706724444,485570.352855862,349030.941356676,287541.647609652,257546.678285643,234475.910140025,218724.959106924,211554.507343888,192173.938260886,171767.277478246,159053.003126204,147718.620951037,141898.966694908,136373.789536719,135208.643502346,134904.485935377,140180.24486277,154333.949932669,221460.97303202,219346.977519073,316041.040350391,694940.726661326,-561734.417492599,878713.930224426,362332.059468246,213042.052276935
"474",7916557.42901624,753496.496106103,440313.502784704,321450.525041338,268405.139272519,252853.758527553,224950.542082957,209868.907830376,203291.999982206,186539.20443353,164721.214641161,156933.506120948,142452.215285509,135760.361234677,128781.369894113,128251.163263839,126990.343128765,130940.879901867,141357.692298664,198969.00555266,194388.737729102,267484.913297632,548168.281483265,-177686.256309253,-2493.17420603249,406253.287648969,214633.691181128
"476",23021744.6826076,752644.138404341,434087.621659194,319844.403741215,268558.729181225,255488.726114332,221800.00269091,208337.078496906,202438.673801454,185281.944086715,164786.626632316,160503.431926994,142831.420781206,134767.334137882,126955.195406505,126455.570294233,125243.016286656,128395.668048619,134894.143736632,169466.552319725,181489.59658949,240059.389783458,448171.677149635,-3165.0084094644,-455719.346672286,494571.975123494,229516.778730426
"478",48845033.7688199,808296.529604407,454677.873860815,335048.417397355,274260.70443936,262530.126474221,227868.509421372,212191.065649965,205804.285415147,189656.779581455,167723.345125553,165219.442629749,145501.058142518,137074.727929731,128718.790480677,128616.678098084,125509.801937375,129836.383352779,133477.411227121,151942.404475724,178076.361276332,224011.150215796,384213.050729177,717539.444264376,-791952.835727848,639387.174002951,260548.263727091
"480",60634601.0376944,871260.570915086,478777.298959029,353033.71548424,284665.820311479,268423.807147629,235013.132466359,217610.445778558,210375.185901631,192569.768613714,172087.923250834,165786.50686122,148134.416926615,139640.365746152,131610.222087311,132132.027499025,127350.748784332,132790.785019816,134070.185757042,150517.824042282,184935.130304579,213135.622497496,341418.829097177,743188.195015689,-861645.578834702,824917.553994746,308494.060478807
"482",58008666.8262036,871823.628872126,475892.490851671,347591.952477333,283199.040579664,262604.527133445,231730.917903037,216351.823178092,208916.097060493,192603.894357731,172487.272395796,159477.598781594,147326.195352561,139147.152725099,130675.401005377,129767.861307034,125621.705480692,128474.470880975,130232.711812421,145100.932963271,198943.15739583,196540.884488644,295863.342112496,621527.717576253,-649642.643625905,968837.903920166,356996.01917221
"484",54304241.1543793,866644.017814693,455216.431125676,342001.468762165,276508.924854912,250390.536997809,227795.037289832,211552.654394599,207510.65886253,190718.885280096,170286.150802364,154244.740100058,145678.455864805,137214.987780033,128220.76597697,126192.218373718,122500.740979384,123935.768782801,125842.897796815,138741.592851528,197254.549785015,180712.652171996,259646.698698495,495228.068382774,-180363.405735244,323600.587475431,416195.328412465
"486",54399767.6034142,886078.829060052,453207.218595024,340527.384968044,275093.168745367,246080.842185685,227383.861991653,211316.499999112,207406.195008523,190522.613357923,170185.527530441,152515.339499038,146761.496406562,137924.763870652,127930.453084488,123595.475277556,121634.796082852,121262.032459176,123690.964863434,134231.801654342,176289.384932922,169336.624522436,232307.467866592,403272.9631906,1648.0412777131,-374701.016620022,509772.942850633
"488",60290443.0602748,1024460.08725535,467023.874040451,348442.531800119,278587.800446665,247469.087337988,233035.989444033,212544.711660343,207537.333955263,192115.272864008,171082.85382669,153515.28560305,153459.829591581,139183.076220726,127959.567699226,123209.191561821,121582.429070355,120592.800472728,123128.835679273,130476.19095939,148929.340513123,161365.284801362,213399.059304525,341196.489027072,920556.619810968,-770436.854834042,654818.053263674
"490",55003948.0735619,1583274.11762435,510622.965442428,366225.167294841,291559.091989402,259414.015327211,246512.028368882,219583.985624572,212939.017754732,196192.895608056,175232.68981127,157855.410965497,160497.379682816,143742.369433798,131199.809998003,125639.721077521,124724.06449117,123016.893592874,125979.644262476,130234.908178978,140942.240931589,164046.819630211,203811.042161214,301759.252037138,903117.085139823,-881994.456039202,878081.729567746
"492",12933536.9402749,4032157.19449947,524285.384581637,368850.064415318,292702.413757118,258054.930398679,252643.566859521,218965.512163164,212233.732252037,195611.038360222,175254.878120001,158106.575672773,160206.769394994,142298.497221651,130697.805534738,125637.643123779,124670.972653842,120904.519991352,123524.722232307,126786.622663617,135534.296813743,178703.483466201,188495.899567396,263183.8495104,728145.08954908,-727742.525625739,1094098.76019055
"494",3190313.30791664,12308555.2575267,531757.103119743,363183.149925933,289768.348123814,254452.469849827,252266.457202401,217025.467816069,210576.142052591,194360.504378989,174242.710112489,157228.85286541,156338.720752194,140492.284134802,128697.664005582,123284.328039507,122426.852367895,117896.074022548,119763.789627992,123057.759616794,130589.919556791,186635.914387126,174058.843022991,230303.116555343,569028.619418851,-244972.669938582,673709.45589652
"496",2526249.68239736,23283704.6467908,555448.129260432,368074.726269841,292091.594743703,254346.881545452,250455.712330445,217681.885513674,209150.498360161,193873.078242824,173568.901428229,156732.153936771,149859.126307925,139857.978280524,128859.528846636,123373.857124907,119964.244619425,116815.208165056,116534.919366205,121093.812709324,128819.072185995,172854.536539682,163086.338101525,206890.216402519,456935.454909731,-22138.4762935948,-356274.038564248
"498",2280491.95379575,13719065.6504668,577847.533218204,372142.304858434,300757.960445856,256396.556041245,245640.565952331,216045.852690282,210281.662833791,195320.569434226,175210.201360048,157743.946301681,148387.233542708,140728.422209541,129713.368996675,122860.443830461,118508.77421072,116307.157025564,115071.225293371,119568.661734756,125445.367736472,147951.14776749,155495.103774324,189105.606538556,380090.804505597,979806.626323437,-811343.345691856
"500",2160061.08379201,2696712.59094324,611061.816338896,382533.28243388,303554.4483456,257226.926002042,239731.0364993,217581.524204671,210319.209120694,195967.149607623,175567.523591247,158497.629305507,147741.698132909,143509.290247383,130824.067960082,123039.885568944,117853.803109916,115973.638349556,114255.040357562,118639.28715115,120722.543310627,128525.887327772,150322.287822924,175235.24973915,325795.31669055,967848.452666296,-942367.498683367
"502",2082599.14685939,580344.514000353,641932.383532083,387098.332656325,309130.594670918,261120.447970325,237704.668692802,219331.608250336,212085.996716655,199204.443268324,177316.14729657,159645.724158982,149219.355181414,149669.266799432,132746.843826809,123000.945238334,117142.973775694,116317.779485018,113520.028476117,119036.123786836,118430.67651488,124494.502897041,157424.737282688,164173.345858068,284759.582220746,766410.626300241,-744257.389912296
"504",2001521.45108527,290567.334844655,679264.337933805,396828.829784406,314202.508524459,262768.333955031,239875.49045495,223201.593697663,213542.166029722,199951.487251162,177822.6845598,160801.51783361,150729.584643354,154226.72665693,133208.20119499,122973.2431135,117361.977449198,116534.032588627,112365.721915827,117780.696251595,116480.653772771,121699.227831697,176436.804058159,154137.061007836,253477.752939591,594151.373677749,-254160.281476516
"506",1973778.13701714,633528.705517897,752013.272570089,405753.127687753,317846.47649235,265908.766834552,241545.912788604,232580.7861504,214575.368582682,201590.084296736,179805.647774504,162425.486824445,151750.499894506,154271.097042702,132948.004768575,123840.866779332,117926.940724071,116841.823053126,112350.715383545,117689.063953974,116329.107690337,120870.81526838,177679.143286427,145813.14740844,229110.312243689,474494.505130158,-24229.9847679979
"508",1966719.62154617,3181611.83799417,923409.932550939,420805.524814421,327474.388592942,270682.732960979,244303.632756419,243145.643300339,216218.863504187,202751.205963602,179876.384332672,163102.874654208,152710.647391384,151357.939437084,132246.30621995,124689.003093061,118343.017267349,115997.959620856,112423.207779811,114923.853683576,114581.248842607,119715.223164404,155542.421125832,138702.498290626,210277.621431127,392333.071108571,1201507.07511625
"510",1940864.15470144,19781515.369897,1572334.74564345,441199.9548802,334645.380369706,276866.188883041,247686.240625883,246736.38070957,217335.609548191,204651.247803348,181632.690726617,164975.87481772,154155.475774126,147160.900788619,133623.917721099,126041.083796915,119637.517248233,114605.862156391,112612.963509261,114900.560147419,114969.795739909,116878.594148694,129840.132573154,133464.121606094,193935.864940631,333474.330851717,1082605.76265878
"512",1940568.93056183,10629205.3798749,4390395.29701718,473509.46966861,342067.49548556,283789.99273834,249579.22776761,247238.210381948,218554.988175574,206951.762937016,183152.51863427,166578.644561116,155817.794132229,145927.993155123,135035.443618227,127858.027376045,119448.650132548,114831.421298601,112701.829713552,114219.317278373,114983.246473238,113333.220132547,121974.481728197,135733.005908217,181685.350451733,291327.865275251,824707.71986215
"514",1911588.14865774,2486339.01464186,11231008.8463291,519971.402527008,349909.378130163,291007.132737419,251831.668345079,244375.195748834,219307.461620933,207461.283266188,185164.083004894,168261.446701609,157615.406896408,147307.860076228,138548.783156719,129980.744443971,120596.020520668,114963.411266052,112882.490119694,113520.079653518,115251.857315308,111687.642144183,120241.392862225,151097.556140591,171693.736507175,259313.225960468,626945.843884972
"516",1923732.98710488,1821078.32228131,7672948.15348618,560886.95909649,358019.595339142,297743.895328603,254359.667897765,236741.898056567,221165.678973208,210200.008690104,187221.862817362,170576.048009632,159435.273916347,148013.538350092,145490.132162845,130873.243887728,121540.133262924,115148.854066702,114714.152540663,113398.457123655,114252.993580586,110378.313464177,118683.838357589,160382.243261387,162491.345963517,233539.51335055,494429.608383068
"518",1933391.18278037,1539979.74792778,-259235.654106504,599261.5948679,369681.983664423,304091.269897916,258234.549746503,235377.1811163,222858.367067773,213401.589055631,190700.74415695,171827.788690409,160688.307648459,149159.059661446,150210.843609585,131831.080519987,121924.888569547,115951.977934408,114723.307751288,112872.624048966,112773.223464103,110234.810532838,118197.593909427,151174.983144954,154637.457220233,214152.816238249,406249.47467609
"520",1942825.37435808,1399421.48773801,-570461.179359946,640718.876588836,379843.377295019,312381.216536855,262766.208691937,239410.743219918,225957.838696071,216308.349499867,191990.220664597,172431.72211297,161351.494588812,151371.908968766,151362.484629792,131628.952463196,123296.12767535,117202.637227149,113255.749751611,112853.756565921,111127.848084541,110148.085973736,115992.487232276,123374.649734692,146528.577935267,197548.002244643,344999.310909499
"522",1926857.41756922,1310458.65267716,-511096.801726848,678357.499216896,392093.21865391,316218.399646665,266004.47320557,242482.628550875,234049.063074177,218842.494038577,193853.529638278,174225.343090538,163387.443700801,152916.336445012,148969.153341648,132099.59374547,124968.892787301,117226.527267553,111683.745374006,112577.520728441,110623.117565551,109352.798138203,112937.711454956,110905.469266797,143503.275847094,183786.849691523,299889.932263931
"524",1930505.67007863,1245184.34295172,-341846.790350827,725183.77847479,403755.963189985,324835.138101224,271642.965625423,243657.635776509,245206.730674488,218877.908338384,195526.243983201,175056.331291241,163840.738513876,154947.716498638,144472.105459853,133463.565416987,125207.666412242,118869.582633132,111488.029774041,112741.352174374,110533.201929959,109122.614614706,111086.521527099,107424.944678593,154611.417039063,172991.683479099,264632.953696823
"526",1907217.10457768,1203432.34801679,-171918.336325381,819004.543569417,420764.338235302,332723.703801661,277099.259340115,247811.645857887,252133.029246353,222883.731704066,197006.578318332,177906.914615259,166771.247490336,156406.542614682,143414.03794381,135817.729176761,127214.131896598,120004.111821465,111161.272448956,112998.342766339,109592.610828445,109958.283001613,109680.333309028,106555.358031481,175584.205181837,164023.081793758,239649.845480652
"528",1920426.14755327,1160175.59711578,-64685.2975782138,998282.372238479,443636.934167455,342178.456074995,284055.855692463,250882.217490151,255552.166083513,226184.38692777,199041.391984087,179727.594820769,168976.755282832,158418.858011312,144157.24797601,140037.104067419,128585.938895479,120993.283718134,111291.390833142,114254.466938974,109968.490695089,109191.162881981,109348.032986172,105889.185225691,173295.230864949,155901.304999893,219511.579948902
"530",1922388.67810788,1130053.26880651,786327.976756169,1572545.7293707,475074.352119818,350255.28977052,291682.566955684,254080.308042334,252739.856832331,227640.41631412,201404.761908521,182429.292969376,170844.927435265,160368.742184432,145969.985283024,148122.456142797,130434.870167464,122453.970907452,112262.078111877,114382.883924408,107878.180359095,107445.004946618,109439.057129971,104256.646982608,150253.744545302,148207.186196694,203203.347321007
"532",1935875.8666103,1103492.83499471,12863054.1959355,3765431.39002891,527568.107463179,362647.465972592,301367.870308313,257408.405762453,247447.64022884,229172.981276084,204170.467346224,185240.087978531,174049.674536745,162534.762097371,147831.713172893,153263.761395366,131399.272814434,122822.478693276,112748.363214688,113073.229786334,108871.986594726,106601.132944671,108517.246399389,103241.276163725,125043.066509134,142279.08402566,188707.594915031
"534",1944240.92360107,1079907.45879862,2939650.54045815,8264461.90617812,586421.199060362,376172.212561137,310036.808058463,260478.069892237,241533.180375679,231814.887540032,207379.170292464,188932.155034055,175062.241862009,164332.099069002,149569.911175945,153687.946822192,131119.165216002,123914.341404095,112979.643555776,111844.242533514,108845.575865381,106317.750897971,108355.309450465,100748.084868917,119371.575969895,142563.664606035,175806.776815458
"536",2009842.63910222,1070325.48719755,1949556.72547957,2122223.22308775,627716.239157002,388373.228198446,318597.644213424,267269.479859575,244112.584337032,235592.184074039,210500.58964807,190201.612538986,177584.276605767,165456.850614954,151911.375367725,150574.741854933,131055.068918911,125910.103061579,113793.671668296,110619.216062947,108776.507603278,105802.901341962,108534.332827789,99510.2164503117,116871.738799221,160395.990085888,166084.022491031
"538",2031057.42422915,1048369.17673048,1519988.8351253,-668228.678916171,668301.901382624,400436.130463992,326593.199902276,271385.301545708,248365.167915343,243064.720076557,213942.2227976,193198.262358775,179585.61806237,167718.472578219,153568.588357559,145241.476922934,132949.372606195,127284.611014592,114553.79041372,110356.540539451,108609.045242429,105850.003141928,109242.245799123,98947.4192189177,115647.055997143,178711.505941951,158813.582541426
"540",2126263.4311781,1054186.79474089,1295780.40234069,-744815.353630674,707847.741678069,414158.458822512,331316.165342294,274054.399984136,251816.445870998,258904.570107794,216524.039532158,196911.000292036,181219.027168091,170771.805708445,155972.872852193,143891.595662771,135278.066751571,129606.615089308,115628.135065381,111043.214095654,110180.774405533,105670.394457389,108577.889851654,98290.9344242065,116339.818787912,166705.267976681,151136.497574263
"542",2213293.21165883,1076122.81353889,1181313.31274703,-718966.707982708,758624.618813462,430585.441270022,344907.038844255,282770.190347337,255072.285310391,272001.972603196,220151.785313097,197104.54585052,184772.9975089,171998.86933158,158193.996629729,145809.249243932,142553.861305192,131862.817622599,115897.132427144,111543.06750815,110496.772314966,105222.368232225,106645.080974729,97910.9277298212,114653.665561878,139106.335680965,144727.225488607
"544",2271013.43763469,1095963.05974223,1128441.56355754,-531738.295323304,828982.4584045,449602.356609078,351941.976347193,288667.89087003,257874.569201063,277965.626244821,224400.370121192,201040.590241877,186925.803180275,176327.108461491,160251.966180044,148270.143094283,151400.619491338,132949.445491885,117396.367499149,111939.843403927,110231.320027753,105501.021043222,106066.267017168,97522.4802620568,113206.037400557,120283.287359027,140153.555212394
"546",2277508.72687275,1097103.27578065,1090658.33595751,-289658.563634272,965940.170232526,478082.577651517,361928.51093689,299069.792515388,262603.530201171,278794.059239697,225800.853595678,202844.066596647,189936.914902022,177560.850734019,161213.744653879,149160.034098733,154063.865385817,133332.566839371,117770.924366574,112684.647087817,109033.740684467,106096.845706701,105651.774839788,96963.5337053471,109712.825938578,116715.798737597,149419.907561361
"548",2244504.90303595,1092197.92851128,1048468.480337,-119111.286297434,1226955.67014141,511718.728606738,375395.710759625,310539.05649918,267110.909191136,273108.281167232,229359.999068706,207001.212288981,193112.52110777,180029.415498795,163158.83741561,152053.383064068,153269.430639581,134158.46677748,118171.694485416,112144.75890113,107916.180095537,106079.115497567,105116.413482451,97888.8903409523,108914.015192555,115543.942708857,171146.838207176
"550",2242149.15777413,1099498.57752032,1010803.69102042,-44611.7708626632,2032965.40058853,568857.033687378,388907.408326344,319697.237996401,271432.592830217,265767.920757404,233060.349328987,209960.738142232,194082.174140422,181718.966924592,164162.897168205,153088.977120884,147196.532170923,136159.873903447,119793.030215759,113251.278925292,107474.02676332,106550.999645452,105226.65232351,98466.3087817202,107953.621970842,114570.67276034,175271.398601982
"552",2230828.294444,1094248.74390886,979985.656983359,3151778.62134442,4745219.16235006,641918.85412633,405133.713275263,331192.873730376,278486.195617198,264312.506698261,238013.236094819,212497.107293441,198255.445449961,184104.126376111,166793.386137656,156425.534266696,143566.729138918,138171.362764849,121501.812488371,113743.785279076,107730.330105387,107760.216613443,105303.658763022,97426.1846853265,107984.027220405,114128.519159671,157618.36366716
"554",2218151.87996356,1081305.81796126,939607.556866125,4636321.93624908,5267395.44083681,700697.497322929,423855.546106849,340639.376811393,284466.568414105,270540.271148944,248062.075464301,217040.706279203,200495.349923892,187401.730888371,169520.196636874,158231.068957116,144070.860958783,142479.416967607,124002.845265396,114029.01892826,108253.291854936,108662.997713841,106246.210707404,96012.4324126251,107422.119606698,113556.651465154,129307.800316485
"556",2170937.93928588,1078650.38555483,902042.712597625,2549301.646471,-550851.243043701,749560.084227386,448311.818663582,355489.095038967,293568.672500365,276019.613039042,264062.778211241,220716.566338804,202265.988904805,189373.780412627,172274.362723275,159877.678667379,146029.96286283,151839.861273953,125416.165450733,114671.953337962,109670.925259635,109016.439555182,106788.962132814,95213.1392514873,107454.55114693,111449.914344858,120110.806054443
"558",2184988.73283172,1069451.65527081,860055.892136872,1873946.43027848,-822138.764352115,793653.2837693,463090.46616558,372086.403468908,301385.345277965,280195.601135058,279792.043062038,223043.811584288,205593.453366599,192986.134246824,174517.780397771,161993.539308026,147573.384126284,161068.256872696,125627.73620805,115714.979645405,110016.698454545,107693.902432209,107447.812466797,95813.2020723349,107658.011926112,109489.377855222,116894.368250924
"560",2183438.02941099,1063763.17901537,842135.633602641,1520140.01134782,-893495.027967334,831848.363546817,478143.301775974,382114.759668978,311498.847549295,285195.214851311,286350.536763201,227000.798048611,209031.908827631,195281.868439246,176831.130598982,164216.81142207,149393.505276313,162526.607215488,127190.118411598,117339.988004099,111434.087151575,106651.558601679,107098.911227134,96091.2028060271,108739.738852901,108528.98750241,115357.281456371
"562",2158755.11585172,1059581.99201358,828967.793941866,1309116.4515554,-845354.737857658,886717.354931367,495008.674716185,389790.914348798,321473.875980978,290423.025653374,287286.076709858,230539.138974125,211477.944516771,198113.127608538,180068.528683256,166228.174042729,152073.819032479,160288.324134059,127741.50447216,117516.382463269,111686.579772176,107150.03153855,107968.217252766,96448.0630693647,108833.49211211,107091.380111934,115695.896253246
"564",2151816.70955587,1051239.72745003,815169.392865813,1203858.14830265,-601565.53099071,997089.131761312,515607.175160164,396763.749894033,327403.626753553,296558.754139895,282723.238953463,234894.554055165,215647.758705356,201408.572988167,181913.993790519,168261.968027589,153912.523387862,153932.627430949,129815.246156158,119547.914933496,112430.035120971,107696.421477216,109438.480865284,96734.6802944832,107932.099218644,107347.16349036,115767.401572616
"566",2169590.14831348,1048361.64588946,800314.797307094,1134125.37904856,-315365.611803947,1187592.85146484,547288.792043556,408373.065694601,335569.638792912,299039.722655073,275136.162769427,238299.114606117,219311.30268742,204186.33831299,185479.106575756,171310.711593151,156024.567906751,150629.370083414,132628.197283974,122377.362965743,113522.587199029,108113.362034106,110663.962489213,96926.8965518756,106474.495308531,106080.577454234,114824.288615144
"568",2164167.82381771,1033838.1679978,781822.803270367,1069083.85735418,-123644.187306185,1596704.3427737,603226.151722774,419953.086647464,344623.817481755,302002.532355426,272303.601273957,245502.935385622,223803.615480646,206696.824535535,187590.565474967,172686.59656334,158971.297291991,152402.076304466,137982.081587867,123894.422013941,114902.647950554,109739.297903176,111618.221386727,97035.3595354373,105775.938293999,106131.165398684,111563.624809638
"570",2152387.23447233,1028587.93824665,774177.940179156,1021802.58252845,-45910.1442336678,2947173.27300349,675887.072603547,433329.812772196,350985.213929668,306089.638050249,275609.318219248,252405.822784818,227536.306998543,210287.771619598,190316.275909826,175483.461435734,160458.301124237,153559.380274203,148273.836862692,124587.072747851,115014.69908749,110167.799261088,110182.423786597,98123.7166335939,106753.720606468,106359.197512045,109779.303363039
"572",2181933.65879745,1018630.82337575,760246.489335747,976386.298689989,2451062.91469686,5629517.71817658,741801.068416228,447032.796568747,360827.589494729,311238.367616213,279841.041781824,268083.278082848,230409.900509511,212348.040454509,193972.973407989,178707.337503266,162726.308302698,156526.989719479,154218.778574991,126029.439772359,117362.23653479,111243.672224071,109802.737963889,98282.2560479954,106889.019970907,107719.59468754,108429.298221435
"574",2169387.97745859,1014701.28402874,755649.534121023,932748.628183097,4155298.52206965,612650.880247437,788401.546994234,458114.763762933,368279.937338333,316724.003483384,285915.681875013,281135.304973189,230865.485000088,214692.139547112,195939.414489111,181878.034812463,164840.945014621,157706.200767826,156065.686182022,126697.915939312,117762.215784179,111875.417111915,110447.187385504,99543.7388249259,106968.614517872,108351.86077387,108314.359107063
"576",2180617.53464459,1012755.44565105,751244.460285632,880981.215274705,2605595.12438652,-851924.361321238,830112.285268097,476327.359908822,377544.750597146,321866.080246506,287634.000204227,286073.886528944,234338.203842093,217670.009782093,199771.47995836,185775.259609244,167135.36479305,160727.453545629,151177.615940071,127542.826365653,119604.581200402,113180.620221795,110526.278036857,100637.14160793,107874.546534657,107912.67851128,107461.868322208
"578",2176499.27193571,1003828.24115345,746567.534094848,831555.979225005,1938462.76770734,-989902.039917482,866707.798773246,489252.03114767,387506.523140583,329924.474226342,293485.99358468,285137.746249998,235903.110454549,219647.602141328,200900.570795949,187693.11311165,170752.837589974,163896.720712688,144343.065450484,129879.689149329,121859.081581683,113816.419421478,111570.525788777,101622.982952606,107502.361713502,106432.134447717,108183.807793815
"580",2211773.59882575,1006704.82204095,740168.479012412,801096.904994595,1588894.61133815,-1044867.29724927,912820.009605602,513800.627748428,400991.220492775,337573.42182244,299435.145297907,280571.586088879,238294.593491358,223134.691545505,205291.879227488,189386.546725662,173273.07595464,165990.287666045,143787.034995798,133348.670585663,125024.901991269,115345.87085363,112683.804158271,102384.312261904,108846.197762714,106385.058203989,107466.909083142
"582",2179843.04044687,1003220.65604873,737752.920975432,783650.083196141,1358923.55866135,-932468.544312972,981999.888475807,534407.593547191,411419.310538018,344680.264258602,301512.86543677,270338.200039561,241169.919224344,226702.195480883,204828.712298143,190831.867221217,175430.893404787,168781.384467336,145376.201977583,138975.308359976,126057.114148451,116113.146520562,113456.382426526,102202.586523029,109000.010599556,106983.097486805,107877.683484325
"584",2166765.38502431,1000607.67268236,729146.869361669,758428.564512638,1238107.66510105,-606265.151752247,1134400.29291197,564732.495813067,422176.392849661,355243.090317507,309086.152198729,269875.63841478,244755.864480149,230090.384699611,206969.335808364,192270.10948213,176583.940276487,169635.76599289,148501.325729386,150416.506617144,127193.588017295,117730.866216465,113991.551404885,100707.855699295,109581.587745066,107011.803830719,108836.18258949
"586",2176465.01489283,1011244.61098132,730408.295814599,745333.778018619,1156902.18796312,-295989.888515528,1361182.06998419,613369.83709784,435498.768776316,367307.004454408,314425.628856261,275952.995988215,253429.353121972,232232.265834619,209029.213333256,195796.090519559,178886.676063253,170499.82312827,149486.141825615,155179.141008493,127709.103315639,117823.187741373,114861.140441216,101054.128627193,109839.715816688,107464.128805764,109001.735757541
"588",2169456.75480802,1010098.20969993,726950.766916328,731197.070284742,1101612.50470459,-108013.850317864,1887102.07503318,693199.542214334,450774.469026331,376402.647715987,322026.814808052,281089.275096739,269188.181138542,234082.830810465,211692.0616588,197908.962700885,180989.281311035,171586.380396912,151497.729223274,155677.673592615,129499.692556217,120032.28885801,115914.653358085,101353.859177583,111633.63884173,107221.084112898,107978.790950097
"590",2173558.16153552,1011555.08542994,726283.557730303,716467.722939135,1049382.6627202,-39935.9568557965,3581197.68575739,776689.697925922,463782.936596787,387138.34630974,328938.80063801,286447.510908281,285942.666967818,236925.706333844,212435.214632014,198331.880035437,184129.720150988,173502.796726245,153700.948569811,150122.11563801,130142.834128732,122306.486713417,116925.207295087,102350.746240769,112833.922669136,107059.026427196,106661.978485401
"592",2167921.60703288,1033813.61919368,714418.768639269,709479.044478918,998570.077561833,5159976.12702337,4969035.60092254,832451.693532426,481719.996346363,397031.586508536,338377.147014827,292996.042656287,295272.991851114,238879.181914623,215319.324987131,201815.543223058,185156.166207796,174978.903710678,156444.067269187,143622.340595943,130886.447682087,124255.866641949,118069.348572809,103046.288408083,113959.216184804,107800.913737909,106573.760461576
"594",2190578.09666862,1019841.86010271,707743.018477852,693399.240157613,956032.615931474,3700406.70206829,-492092.239581389,879792.66687313,496465.334279933,407411.709303527,345897.567649713,296684.393425556,294454.096550376,242436.200904308,219462.827132697,203168.878193349,187145.9503406,175922.354760805,158240.842140569,142678.134366204,133499.844060678,126520.555530825,118416.195473819,103389.686734647,113114.355749218,107858.096853442,106889.192854448
"596",2167557.91512042,1028308.33839148,707428.265163008,693154.384122745,900308.282213851,2532580.51817816,-976687.08134343,913500.629098625,512961.210092084,417736.219783069,354935.919383017,300222.99011312,289907.135115366,243989.711882566,221886.048611121,207442.650131777,189384.278601438,177680.332085256,160275.77165687,143758.420757457,139412.212756619,127730.383099463,119195.779481583,105080.384756994,111969.333419071,109132.157217388,107263.831641061
"598",2183170.80641998,1037179.21244752,701608.273975326,682035.20656867,847618.580503702,1928331.52098403,-1104929.89319776,941999.395826758,530602.735000194,428028.254056038,364545.343440286,306188.651825084,280886.186642583,248205.896641364,227024.58674006,210424.143582251,189694.712521692,179004.416473681,163581.441052583,145953.776992297,148770.87289465,126890.194402853,120050.869333882,105577.303671116,111627.843206007,110894.114529582,107237.85489042
"600",2201549.32393334,1044766.63429409,706282.791502178,678682.574682645,801077.787128128,1598196.25227591,-1128629.07768728,990422.437830397,556453.991296476,440790.430287936,377763.816179324,312807.379798759,279546.124641199,253952.935683297,230522.888462194,212895.579176701,192368.279556155,182510.391691916,165942.191373942,147670.641435374,155119.991254086,127482.63062285,122317.920877511,104910.575076169,112644.277333011,111050.70657306,107742.739868556
