"","240","250","260","270","280","290","300","310","320","330","340","350","360","370","380","390","400","410","420","430","440","450"
"300",-1033363362.46937,-324046880.217626,-149015758.958981,-86520886.3165765,-51105994.8501541,0,0,0,0,0,0,0,0,0,0,0,0,0,0,0,0,0
"302",-1034619981.64289,-323712065.123983,-148565956.036345,-86608975.9341543,-52163187.7166954,18119207.7406575,0,0,0,0,0,0,0,0,0,0,0,0,0,0,0,0
"304",-1030931849.14847,-322473476.020853,-147934088.121349,-86314613.6998729,-52938951.4450844,-7082889.96876246,0,0,0,0,0,0,0,0,0,0,0,0,0,0,0,0
"306",-1028045819.7165,-320339180.129707,-146614804.959955,-85752528.8473005,-53405088.5583253,-19182665.8584881,0,0,0,0,0,0,0,0,0,0,0,0,0,0,0,0
"308",-1023712639.348,-317345653.33468,-146046863.732193,-84854939.9418861,-53405902.4184861,-25722580.6248466,0,0,0,0,0,0,0,0,0,0,0,0,0,0,0,0
"310",-1018615725.95012,-313778127.17446,-144865911.63053,-83943424.8888066,-53537342.3993012,-29058784.7854715,0,0,0,0,0,0,0,0,0,0,0,0,0,0,0,0
"312",-995909963.706456,-307375029.881728,-141235212.511574,-81507061.7820104,-53040824.7264599,-30745946.2490388,32173697.6318148,0,0,0,0,0,0,0,0,0,0,0,0,0,0,0
"314",-978162898.397484,-300078297.617895,-138200254.757008,-79666949.3754853,-52091630.2192541,-31236863.8895713,12371259.3863157,0,0,0,0,0,0,0,0,0,0,0,0,0,0,0
"316",-957947095.92336,-292940178.863813,-134630261.215244,-77670583.6383875,-51258073.493637,-31046120.2812612,-1602111.34692809,0,0,0,0,0,0,0,0,0,0,0,0,0,0,0
"318",-941144818.083027,-286041053.044858,-131089508.947022,-76525993.730472,-50045075.4810657,-30975728.5783486,-9283341.15806147,0,0,0,0,0,0,0,0,0,0,0,0,0,0,0
"320",-923093011.907059,-279178983.150103,-127429478.708091,-74856243.0413453,-48795172.2545496,-31029301.6124899,-13821853.2145975,0,0,0,0,0,0,0,0,0,0,0,0,0,0,0
"322",-905680557.694569,-272298539.990687,-124559226.854668,-72797528.5071375,-47503823.9272617,-31255785.2899581,-16146460.9544551,9518862.48874781,0,0,0,0,0,0,0,0,0,0,0,0,0,0
"324",-885666675.806818,-265818125.277248,-121027381.741576,-71402873.5988523,-46262002.4656852,-31416781.5545959,-17503348.0569873,23809416.0579945,0,0,0,0,0,0,0,0,0,0,0,0,0,0
"326",-862654928.540518,-258104785.323245,-117732116.058,-69207426.3276054,-45062214.95222,-30868045.4799905,-17852761.8242548,13172323.7610598,0,0,0,0,0,0,0,0,0,0,0,0,0,0
"328",-835445182.932197,-249718372.771055,-113543791.485363,-66573242.3414949,-43905888.3500439,-30116700.830991,-17788382.6081495,4425263.28267071,0,0,0,0,0,0,0,0,0,0,0,0,0,0
"330",-809396966.645237,-241323297.179741,-109619502.506736,-64088624.5497551,-42701450.4794112,-29209448.6354396,-17871365.087119,-1119085.43214525,0,0,0,0,0,0,0,0,0,0,0,0,0,0
"332",-791582616.935684,-235234831.898195,-106662867.638496,-62471339.4173252,-41783754.082293,-28660928.6471196,-18360766.24824,-4535262.16355313,15444129.4901758,0,0,0,0,0,0,0,0,0,0,0,0,0
"334",-776289006.412573,-229471356.295861,-103662992.800083,-60728723.6331507,-41034780.6854626,-28283144.2114512,-18781150.7237727,-6896657.68768397,6479684.57941836,0,0,0,0,0,0,0,0,0,0,0,0,0
"336",-758625180.80841,-223455527.594344,-100923509.541804,-59135206.1469907,-39942901.572595,-27766886.6270453,-18984148.8692814,-8031626.06094667,17838111.1180199,0,0,0,0,0,0,0,0,0,0,0,0,0
"338",-738450507.550562,-216245601.054999,-97779517.5175911,-57649860.608349,-38905285.6453311,-27342849.7425777,-18894379.8098337,-8623740.23807241,14392608.1725942,0,0,0,0,0,0,0,0,0,0,0,0,0
"340",-718923676.125057,-210415379.545899,-95156266.8077956,-55888955.238959,-37549159.2621673,-26988651.8865831,-18626946.1110724,-9029112.59702459,8416438.56899804,0,0,0,0,0,0,0,0,0,0,0,0,0
"342",-700164110.524888,-205713839.741501,-92420378.5726585,-54441319.1352841,-36630696.3613105,-26535426.0735944,-18461548.5066807,-9619801.43928076,4217468.13253874,19426766.3119503,0,0,0,0,0,0,0,0,0,0,0,0
"344",-682178257.132885,-199233661.157525,-89448750.3817285,-52918428.4437692,-35313917.5054681,-26055977.6300409,-18353746.2727996,-10365249.3011694,1295172.77164471,7738806.33777685,0,0,0,0,0,0,0,0,0,0,0,0
"346",-662669772.972894,-193547931.417722,-86612424.119051,-50987085.3130768,-34203011.3070892,-25300007.6146659,-18249142.8097433,-10949519.4094141,-477648.693976998,5128514.72200666,0,0,0,0,0,0,0,0,0,0,0,0
"348",-640301606.867616,-186501380.618988,-83705959.6856989,-49251225.3350787,-33119175.4778264,-24349152.6073582,-18013697.3398852,-11115192.46178,-1379596.53352407,13337412.6226459,0,0,0,0,0,0,0,0,0,0,0,0
"350",-618673086.068055,-179461145.11371,-80271690.5012001,-47509205.0383395,-31837294.2368985,-23678214.716122,-17780821.4034634,-11083588.7940468,-1919004.25141695,12873938.0215366,0,0,0,0,0,0,0,0,0,0,0,0
"352",-597403421.811507,-174186295.08935,-77623953.2085757,-45709142.9065276,-30780940.6244119,-22696963.8682583,-17468112.4893511,-11019326.496217,-2504354.10320114,9800876.28788418,21689806.9666159,0,0,0,0,0,0,0,0,0,0,0
"354",-580018020.538351,-168655029.989869,-74990997.0969094,-44211048.4254586,-29763069.6893032,-22017217.7780207,-16926072.5836628,-11107267.4653605,-3367812.42685615,7014091.30634166,9554154.68222307,0,0,0,0,0,0,0,0,0,0,0
"356",-564052241.062234,-163461668.608072,-72926427.5330762,-42806730.3134651,-28903481.6388086,-21374219.294951,-16561849.0344169,-11332128.6135896,-4254609.67133246,4949026.61373898,3625655.31073511,0,0,0,0,0,0,0,0,0,0,0
"358",-551171527.500868,-159478540.602852,-71082632.1620996,-41783345.3445708,-28202271.3134556,-20754886.3096362,-16296965.9095965,-11685324.6133556,-5023999.34167765,3778727.50580719,3875852.00626421,0,0,0,0,0,0,0,0,0,0,0
"360",-538165724.889299,-155216125.423098,-69394666.8585999,-40732480.1534166,-27531056.103522,-20271234.8471722,-15958826.554097,-11817744.4888695,-5503880.57220609,3127002.02463786,9611047.99295117,0,0,0,0,0,0,0,0,0,0,0
"362",-524853682.623909,-151534886.268224,-68035896.9914127,-39508725.0370291,-26787577.3231958,-19791758.7469295,-15620280.4727577,-11715891.0396495,-5787341.47683537,2497577.0507526,10909227.5865152,27761979.9252233,0,0,0,0,0,0,0,0,0,0
"364",-512836318.117979,-148012551.517813,-66138852.9771259,-38421576.768195,-26111312.7457901,-19319813.206099,-15223280.7248358,-11591549.5185898,-6179579.78478172,1494463.35563793,9712610.39421446,10462434.8675413,0,0,0,0,0,0,0,0,0,0
"366",-499362006.007107,-143819818.804334,-64503966.2204615,-37278757.3956545,-25445393.5944768,-18873067.9707794,-14812177.0928721,-11461991.7976492,-6734098.55852947,287848.531310767,7952029.58728692,6119339.54084817,0,0,0,0,0,0,0,0,0,0
"368",-487291175.47119,-140224429.080167,-62988076.7901796,-36272740.8025152,-24669016.5723698,-18364742.5774713,-14496186.1137192,-11284277.0945982,-7267518.82235599,-724435.544248298,6742840.8196569,2428929.52995715,0,0,0,0,0,0,0,0,0,0
"370",-475409354.217384,-137080655.420301,-61229033.0750284,-35558298.7327815,-24131560.8801497,-17935389.906633,-14105859.0566215,-11123657.6979125,-7611376.08076338,-1483631.16414952,5980984.0040855,3123920.68144612,0,0,0,0,0,0,0,0,0,0
"372",-467546547.884225,-134941603.898089,-60296943.0117605,-34942531.5083309,-23605569.3784414,-17582066.8491322,-13829084.8853488,-11022385.924565,-7899978.11076709,-2044157.49992856,5417375.88952205,7163770.28601507,26872998.3371737,0,0,0,0,0,0,0,0,0
"374",-459169536.84582,-133013946.720305,-59119833.832538,-34359976.6430863,-23230796.1561187,-17279870.1820569,-13591053.9667054,-10863153.2071274,-7888441.48347759,-2673562.79797532,4615548.46184886,9148646.38574196,15467709.7862111,0,0,0,0,0,0,0,0,0
"376",-450472835.696769,-130974062.371464,-58032127.7389759,-33825693.5015061,-22729480.6021285,-16913731.3006817,-13429151.7174806,-10708559.4133296,-7883418.29437922,-3420235.31931397,3454389.05885078,8951415.02936263,7624704.74770634,0,0,0,0,0,0,0,0,0
"378",-442194289.703368,-127653327.5061,-56789387.9193008,-33119068.3479105,-22148445.9478291,-16545582.516217,-13165826.3688475,-10422394.575886,-7791792.34428906,-4167272.73417956,2197608.79974164,8014280.21881686,4641832.26389365,0,0,0,0,0,0,0,0,0
"380",-431062121.719547,-124824732.129215,-55732950.011355,-32550805.5256719,-21476244.3492267,-16072286.942602,-12885454.6197465,-10224961.7160293,-7726912.54012185,-4687828.70144584,1172531.98170579,7294357.75076555,1699843.49322445,0,0,0,0,0,0,0,0,0
"382",-428357541.56846,-123894857.99263,-55033277.868763,-32277908.6602166,-21334125.7655976,-16001916.4138166,-12745834.4418176,-10133062.5811325,-7816706.96868056,-5078863.19642963,567607.232107595,6970392.55573349,2494196.75230886,22318533.8929513,0,0,0,0,0,0,0,0
"384",-424331114.818529,-123251598.999727,-54826936.3201649,-31865499.992132,-21123589.5359295,-15832896.6322459,-12611568.1671161,-10028982.5900997,-7810441.37511107,-5235427.65102424,-200721.097145498,6476232.29889674,6054699.94305865,21364656.0203691,0,0,0,0,0,0,0,0
"386",-422337522.563335,-121912952.151187,-54448444.1523385,-31739409.1159265,-21065537.4073451,-15660359.1987008,-12516343.1624515,-9938075.54299636,-7881107.66828881,-5350466.30280799,-1070644.57192077,5537931.20157036,8118736.47099635,8704351.76312305,0,0,0,0,0,0,0,0
"388",-419554114.751074,-121323354.58321,-54236929.2553935,-31627152.2242427,-21078366.6618674,-15548172.9206266,-12386970.1272375,-9929539.962069,-7859624.26731214,-5492784.4486115,-2012314.50043849,4324744.3905374,8282743.32509051,5423025.29538538,0,0,0,0,0,0,0,0
"390",-417215521.192661,-120121013.452621,-53656266.4285517,-31095707.8232479,-20878379.2920465,-15301221.7149863,-12294919.4495514,-9842890.70006588,-7737617.06870019,-5483293.02651415,-2775595.17142101,3141992.91658343,7880132.1964397,3253732.72831786,0,0,0,0,0,0,0,0
"392",-413368667.733479,-119639321.738676,-53239889.5696722,-30828573.8616062,-20705977.0667313,-15001326.149809,-12088476.0550812,-9736445.96082129,-7635885.8510835,-5557770.91114803,-3185956.48405854,2349881.12625297,7719600.69587435,1282580.60240637,19357559.4785386,0,0,0,0,0,0,0
"394",-407858304.23347,-117765225.396803,-52530447.8701435,-30346530.7245806,-20332653.1553345,-14594677.7236573,-11866184.0266207,-9564187.89753907,-7477335.45035727,-5515297.1935783,-3279134.10869047,1801442.86774095,7697415.50783251,2666444.75606406,22998192.4338155,0,0,0,0,0,0,0
"396",-403982305.677134,-116339574.468553,-51825758.2615159,-30003277.7105304,-19929694.3627232,-14234413.8592805,-11656808.977939,-9360617.68199315,-7294916.73002462,-5513687.68352341,-3300409.07683502,1041570.74390029,7381013.44499323,5469252.57760794,11759824.927523,0,0,0,0,0,0,0
"398",-403407028.331228,-115520578.949279,-51502734.0202671,-29945125.4300429,-19968594.8205781,-14164767.7944413,-11568848.2390135,-9316108.77398872,-7329296.43319263,-5583805.93026321,-3439205.21239078,-75106.8011654764,6405269.79528622,7502285.03456186,5944852.00504853,0,0,0,0,0,0,0
"400",-403485406.082948,-116989127.688717,-51951251.8155035,-30281765.2031349,-20235538.2274839,-14498395.0836747,-11762061.6715127,-9458726.29201248,-7563647.7491252,-5782335.85276699,-3736927.55121277,-1223682.25323465,4817486.5846036,7930586.56048682,3819901.28962569,0,0,0,0,0,0,0
"402",-405390088.250467,-116728548.09314,-52288355.6036169,-30572378.8587628,-20341662.6678546,-14903930.1615359,-11874552.2600005,-9655827.62619152,-7778416.48562582,-5962514.77093558,-4089848.23542517,-2090866.04078878,3328267.26181223,7657282.86234525,1265121.82596613,18071079.8496726,0,0,0,0,0,0
"404",-405487704.069118,-117174509.095489,-52238204.5037915,-30795009.2561097,-20401156.1306113,-14938340.7111897,-11826768.5342929,-9586964.66523597,-7823532.02557256,-6024058.35081364,-4299599.47203334,-2505967.3355196,2188685.69192411,7431262.83241466,2507429.71984999,21049029.3345175,0,0,0,0,0,0
"406",-402516413.936405,-116878196.103345,-51985375.3356069,-30738580.9140884,-20270730.1072558,-14834534.840702,-11633109.4587724,-9519239.58313713,-7779046.44470306,-6012179.48517867,-4454647.39559034,-2688230.12754332,1268964.7334853,7159956.29541321,5598987.74520436,9684199.76766641,0,0,0,0,0,0
"408",-399330197.464326,-115819204.759883,-51710298.6399406,-30490706.0066845,-20141357.8827465,-14724325.9588806,-11441891.1713412,-9499472.46877748,-7741043.17082749,-5976308.22213711,-4539071.26303703,-2773142.54025578,214829.55539082,6477748.76860771,7297700.13314285,5174715.46173694,0,0,0,0,0,0
"410",-398021537.068478,-115336259.734584,-51347585.4800211,-30165306.1783377,-19882801.6716415,-14663373.3662695,-11400077.7673431,-9341507.06527293,-7709217.79005678,-5967189.63477528,-4593221.07718045,-2852398.00719658,-678103.865991004,5300165.71965098,7522995.85863996,3298400.63724543,0,0,0,0,0,0
"412",-395237788.116186,-115097995.418399,-51274321.4678445,-30142111.5764605,-19971233.5575076,-14582562.3999227,-11495848.1992842,-9374370.1475511,-7673202.7689602,-6093678.28367019,-4656942.33015457,-3013574.73093403,-1437423.50168061,3961392.88234449,7272008.84916668,1109165.90679862,16917477.3324559,0,0,0,0,0
"414",-396177806.651034,-114996651.009309,-51175803.6818309,-30232758.0617665,-20045410.8038541,-14725863.8228418,-11671152.5765305,-9343857.80381792,-7727508.73839466,-6228353.70932645,-4751545.99181787,-3207295.30044308,-1959803.50281827,2784617.78286491,7039789.68610365,2409967.17828795,19404840.4868362,0,0,0,0,0
"416",-395811140.435713,-115061494.907429,-51007222.1669156,-30177557.8744836,-20135386.2936663,-14729374.5633503,-11817723.6369565,-9365168.7757908,-7740276.22260568,-6277444.42037884,-4802866.20891545,-3452904.12030222,-2159295.90277083,1707364.91634138,6852327.41902231,5544304.1732659,8653935.72427578,0,0,0,0,0
"418",-392796393.467399,-114618806.421165,-50914475.9210963,-30195421.8793613,-20161073.1519713,-14557198.3207007,-11761880.6136261,-9195286.96034762,-7683636.11565012,-6248958.37810518,-4726532.53806152,-3559604.22772586,-2233736.72892193,719533.699648052,6374667.6755617,7033494.07266757,4557652.82803879,0,0,0,0,0
"420",-395626486.817212,-115418743.946259,-51108636.6884238,-30215223.5128362,-20121639.8741157,-14677408.4740967,-11905980.6466661,-9199434.49948518,-7702451.90959743,-6302984.50738395,-4787103.1473346,-3667230.972856,-2333316.98032007,-264750.717855044,5335617.66152643,7148272.12740069,2840135.3214409,0,0,0,0,0
"422",-399113728.814566,-116371212.976728,-51708857.7646851,-30703629.3628362,-20521371.5279944,-14985697.9477674,-12074502.4920323,-9266267.7124454,-7812402.74249438,-6394904.51161192,-4945975.43474161,-3890149.51542516,-2570091.36500237,-1171037.43866148,3798692.05888829,6614480.44943982,795765.772024319,15881864.3020044,0,0,0,0
"424",-400645006.436859,-117153839.061438,-52060176.4394614,-30855821.5298209,-20867020.6409293,-15135099.4636476,-12188755.9027668,-9451913.98146463,-7929776.92807233,-6511515.95979529,-5144493.08050126,-4078870.70178101,-2862970.97211455,-1809668.35654024,2434155.60484789,6164640.99888369,2750902.86700958,18794572.1492114,0,0,0,0
"426",-401839724.247671,-117877651.171318,-52687397.5536164,-31091180.7737244,-20901974.0073393,-15328165.3499364,-12386891.4534374,-9530757.38113618,-7985117.52627412,-6623138.19802842,-5328263.12183504,-4156918.15916357,-3126381.30809117,-2156525.94110088,1280742.07794086,5941230.49605037,5774117.1559643,8200134.83488634,0,0,0,0
"428",-406899491.049093,-118866001.817531,-53184665.6528939,-31350479.9640509,-21086652.8601332,-15454872.917342,-12430181.7723948,-9819624.68625589,-8123374.32339533,-6725086.12998912,-5476607.17491694,-4244798.69808661,-3343865.56816045,-2397801.17657134,196419.475666329,5478857.68520495,6808680.96687831,3868188.34752538,0,0,0,0
"430",-409469019.757839,-119862887.547549,-53224610.4846396,-31487890.1775623,-21333057.9790573,-15625623.3855449,-12533621.4963983,-9930079.422544,-8068091.96636781,-6777089.42383882,-5548531.23731254,-4291223.08472934,-3574839.11840476,-2560255.36200407,-799623.589866757,4588160.63304632,6345484.43784166,2099372.19330112,0,0,0,0
"432",-409424219.426059,-120211663.69088,-53803491.9413247,-31712907.9868192,-21371188.9458783,-15868186.7493815,-12669335.3096416,-10075954.5924544,-8054623.25027171,-6806633.92123745,-5616651.94140326,-4354097.89904521,-3731109.46509371,-2704358.39956985,-1596025.67223051,3306692.51403511,5662665.59881616,771139.407548882,15621574.7652307,0,0,0
"434",-412976393.80448,-120700843.868831,-53991334.7213432,-31956951.6913967,-21524321.1674855,-15992387.5248038,-12717338.6449904,-10141117.9443788,-7999472.69845075,-6821948.67076046,-5674522.6850253,-4451951.64792777,-3845218.93987836,-2811276.27794082,-2096382.49495737,1989927.39468756,5231116.53657981,3640831.17194904,18795783.2791541,0,0,0
"436",-413318978.703127,-120421051.18299,-54219527.3709801,-31850091.9185019,-21502328.3303286,-15891994.6734807,-12644761.2989849,-10097289.814805,-7904994.33943541,-6807391.22333685,-5650256.41922306,-4532717.3220481,-3938304.48079971,-2947385.56899296,-2368293.31917701,993686.544291452,5166868.43045926,6089959.5982125,8776169.42791534,0,0,0
"438",-415512180.62839,-121771403.937992,-54236774.1829337,-31886915.8338419,-21558029.3581525,-15944461.5626962,-12672718.6985775,-10126618.8494631,-7999276.7037555,-6798181.3357418,-5658441.74946177,-4598519.88791138,-3959873.79202995,-3115817.85408863,-2568258.58290271,71160.780093655,5035441.13187772,6724070.13396309,3879726.64655461,0,0,0
"440",-420207639.414455,-123116734.21746,-54800935.1411466,-32256661.3024251,-21813657.7174916,-16258680.7852169,-12870250.9356098,-10285748.7672284,-8155476.02522334,-6961031.63077614,-5771802.45918326,-4797140.99602485,-4084393.79939726,-3343215.96270749,-2786066.85559811,-897080.140242256,4461600.58808771,6106465.95027644,1955694.29840589,0,0,0
"442",-425872201.359289,-125407585.146556,-55876602.4393787,-32718345.6501474,-22215291.5572227,-16516435.6856048,-13149292.9037908,-10491361.6040503,-8419269.69935634,-7052233.86899451,-5922283.2793496,-4957816.17105097,-4138602.2421661,-3656139.76973732,-3003517.78006119,-1770108.45368727,3253569.93922824,5075087.54835525,962512.108655237,16825829.671706,0,0
"444",-433201028.906005,-126702521.671323,-56883338.4943279,-33253544.8705542,-22642360.2115403,-16816481.0141749,-13399545.2628643,-10691469.6519402,-8705393.92214493,-7144347.2538214,-6107874.63263997,-5123091.90774336,-4284219.49486752,-3876890.95963906,-3166613.7556612,-2390971.0275823,1779765.61350487,4245308.71476651,4853488.76609753,19923663.9609361,0,0
"446",-438154558.087619,-128253897.721932,-57478323.4978334,-33536357.3492725,-22872833.1395789,-16987492.1097963,-13666694.0611535,-10803264.3827003,-8847001.92281332,-7199133.31762765,-6134847.70613569,-5182792.76518485,-4373161.05359938,-3993527.57932458,-3335555.90509996,-2773101.69517173,534393.713684745,3989535.72207314,6848485.17484693,7200964.47227491,0,0
"448",-432214330.027326,-127077238.016284,-57198364.2768681,-33179996.6023175,-22448957.38203,-16754695.9016448,-13432373.0128486,-10602756.1587698,-8689795.80190241,-6884754.03711231,-5952223.34752969,-5056484.89322895,-4263101.89177887,-3929275.35017668,-3258578.49856231,-2746831.77835104,-180496.75640624,4300231.48695639,6760583.77091248,3401100.0414864,0,0
"450",-432491313.806662,-126192972.457314,-56289913.4878915,-33137280.4898302,-22097203.3598059,-16526304.9017912,-13234038.5642059,-10451861.6022169,-8482015.06014358,-6579511.81425284,-5804581.94602459,-4850439.12234459,-4196158.8179328,-3752414.15163628,-3169888.44605418,-2686303.08506442,-683787.028566517,4524045.35376158,6332696.50311141,1665264.29814797,0,0
"452",-440860447.640079,-129400455.965203,-57591086.5753565,-33957972.7733876,-22717135.3610107,-16891233.7337497,-13593833.2794521,-10718482.9511666,-8754880.34589136,-6850848.70434975,-5941962.14569335,-5022653.73133989,-4444988.20725615,-3918630.20553186,-3474064.89066705,-2909680.22604653,-1511337.11313269,3629730.38621892,5260343.12407549,1305615.16411857,16935597.4626557,0
"454",-451999718.632505,-132735768.871412,-59341642.7719563,-35247455.0285535,-23527997.7577873,-17613646.1083161,-14140363.2839428,-11268884.1097356,-9145257.16983369,-7310529.71012704,-6232122.87750857,-5361565.38079592,-4793012.68633875,-4167369.41583334,-3904868.16301683,-3255585.56202897,-2339668.46080209,1827248.42964028,3894865.06450496,6513624.48909181,19377551.5558962,0
"456",-455536410.667258,-134287542.454907,-60045685.5781927,-35666691.3100616,-23708543.7095307,-17907199.8830917,-14327466.1036762,-11416981.9613907,-9263119.13652386,-7601725.55799662,-6352243.55429047,-5477144.67616825,-4948434.7250901,-4252444.03419907,-4086483.03288618,-3398059.44836401,-2736608.94572776,383421.505889751,3407162.11779787,7403676.18777642,5887470.47057038,0
"458",-458707045.531006,-135182786.506753,-60365698.3497023,-35919265.5366062,-23744707.5923803,-17847673.7514667,-14422725.5095951,-11493849.1343252,-9273100.89744544,-7743745.37795979,-6228201.9441378,-5453908.82895537,-4949167.98440994,-4273850.77050471,-4104647.55956515,-3433955.79542805,-2875094.28614838,-640520.793063805,3536117.69209532,6440824.03131389,2612604.66752326,0
"460",-464556934.505763,-134724317.916079,-60354767.2794458,-35807250.3752488,-23611556.0519593,-17834675.3674194,-14393142.2170558,-11473491.1638207,-9290251.25647485,-7725067.45815159,-6111803.00145506,-5388041.74645139,-4858557.28406163,-4259197.98093154,-4127728.68111318,-3492546.46692697,-2930130.10380205,-1356793.23865234,3746142.68694021,5410758.14417907,447331.781562231,0
"462",-470735216.361559,-134380806.929635,-60064481.9702983,-35645958.5447307,-23455417.4166512,-17659087.0420867,-14287251.525849,-11362726.59359,-9129884.83597368,-7560691.97889479,-5825893.10980865,-5262426.08734994,-4785741.25403848,-4243596.83654044,-4026599.63870898,-3475221.60053818,-2869744.06131294,-1776959.82852682,3517683.85439441,4728242.79201477,2823236.28808586,17149192.0656223
"464",-476913498.217356,-134523215.596217,-60066542.2956967,-35516919.6210044,-23410084.165516,-17575312.2117741,-14147517.4145413,-11378923.51633,-9116033.14354894,-7516202.13413759,-5717006.1913681,-5190515.444985,-4616878.50458827,-4281357.35893436,-3915160.97237376,-3470973.50682739,-2837397.65703522,-2086356.47903807,2511756.15075,4201194.10292945,6380140.53992885,19425356.0738778
"466",-483374788.510501,-131378348.946591,-58625356.2435899,-34643982.4803692,-22752358.8764325,-16963622.896641,-13748813.9234794,-11073372.6412683,-8680864.63573073,-7167082.19584489,-5475604.37575389,-4884413.48243602,-4382066.30104069,-4032984.67515837,-3656050.73282403,-3348299.95573423,-2559527.17826506,-2068004.94332455,1467693.89063861,4454791.98062169,7608277.46880633,8380742.36256278
"468",-490119087.240993,-133824641.733845,-59291826.461967,-34856123.9514751,-23192251.9871322,-17135442.1853218,-13840964.0658324,-11116325.5106366,-8726586.81908439,-7191470.91400202,-5699439.23241076,-4865987.72070486,-4392562.77385256,-4068740.33674741,-3628080.2662413,-3405701.7445399,-2623063.10735328,-2277426.55614829,232533.329412267,4590370.76362334,7690790.92845415,3701409.50895291
"470",-496863385.971486,-140678445.987276,-62738153.2925475,-37288618.181361,-25025032.2599083,-18403899.221163,-14941523.1276366,-12122944.0643949,-9666693.53635308,-7979850.8800294,-6481174.52289143,-5440953.99301914,-4982704.40020255,-4661180.13439885,-4169156.77526072,-4025455.05151327,-3258368.46016301,-3001789.35564244,-1429587.3041965,3562063.08128006,5938546.63441724,641684.752170652
"472",-505084326.605996,-146526133.911005,-65861640.9699364,-39384108.4537156,-26864927.2308484,-19612829.752507,-16001457.124563,-13022306.0305517,-10510448.4375062,-8729891.31715157,-7205968.2557808,-5925831.26773066,-5539364.31924037,-5224499.06259035,-4773342.49200807,-4553246.61722105,-3778097.99673429,-3602859.97782295,-2676580.08487719,2116476.84285465,3593291.17260509,4209280.72597455
"474",-513305267.240505,-153859202.869245,-69498119.275799,-41635154.7359456,-28573821.2663672,-20897271.1273227,-17071127.660897,-13830761.4090114,-11290096.9361812,-9422612.17022616,-7910279.55403719,-6418990.60222537,-6061798.54558835,-5712675.2681412,-5363638.8997983,-5064938.82675838,-4407485.49246583,-4139575.92423787,-3631298.76275554,249200.651003934,1667277.23330275,7434059.67944008
"476",-520706406.700108,-159904951.287703,-72638595.8758565,-43832838.2425183,-30221273.4598406,-22104084.4335606,-18187202.8890629,-14817530.020105,-12084130.4139928,-10116426.5203581,-8479064.76723573,-6943204.07931728,-6637716.65287028,-6209388.12792446,-5871719.57646922,-5542829.45778533,-4940527.52699678,-4635451.81752057,-4341203.35292521,-2028914.21992765,20302.7440344021,5115230.22082394
"478",-527287744.984804,-160842470.818137,-73648832.9592897,-44345100.6550379,-30587446.2580248,-22547339.7476629,-18501492.0826948,-15049940.9769549,-12381368.1026124,-10343281.8306239,-8694433.58056805,-7140458.73800717,-6846159.8621536,-6364970.01638726,-6081128.78082455,-5583724.36459098,-5123338.49922929,-4789477.85003784,-4643577.96243725,-3486744.02748588,-519546.32695511,3104335.06442402
"480",-533869083.269501,-162850024.987694,-73202991.026245,-44045366.1406184,-30505500.9598789,-22495196.7503032,-18399742.8767497,-14995541.4225477,-12339900.9757505,-10296641.8609996,-8622592.50145082,-7169564.50231287,-6776755.52264837,-6344443.82675708,-6037829.3818486,-5540798.51421771,-5092753.76398266,-4774847.64423481,-4700158.45933689,-4150340.07777131,-188712.904470287,2281300.83883371
"482",-540547218.49244,-164887105.841424,-74027965.9232985,-44825434.8148323,-30778395.4153579,-22938038.811752,-18724774.7572737,-15176358.7318671,-12487682.4698717,-10471561.5904803,-8754689.73134183,-7379068.30562286,-6809844.05495293,-6430415.97732383,-6126100.25854278,-5621140.66891011,-5187918.76264949,-4853678.39262316,-4833029.626169,-4681121.38315008,-307720.672076046,1489323.7851008
"484",-547225353.715379,-166924186.695154,-76216695.9247999,-46096646.3542185,-31969211.1771327,-23784406.3364403,-19368791.2262751,-15784750.4579842,-13034566.813979,-10849166.6161802,-9122185.49648348,-7844298.87756022,-7083677.47685579,-6742301.31065498,-6406567.0268028,-5897850.46739458,-5489103.0440312,-5184267.85271284,-5177431.33800279,-5269215.18442596,-1493460.71787718,193341.257118143
"486",-553801996.899673,-168930308.683598,-78417526.65392,-47789800.8343084,-33046455.6382311,-24920572.2308005,-20126268.5496922,-16348340.9113905,-13488885.5228233,-11354178.1882598,-9547084.78992324,-8296081.65612725,-7338853.99106704,-7039173.83698639,-6703980.97720762,-6224485.94854846,-5720816.9354327,-5534312.68466951,-5488457.95246582,-5741756.68010311,-3124235.30606969,-974955.363999225
"488",-560277148.045322,-170905471.806756,-79353804.2453685,-48273826.7340026,-33474300.1124901,-25376384.0763818,-20287273.1915316,-16662112.5464728,-13837217.6203605,-11608290.9081767,-9801456.08069716,-8521278.75271342,-7421044.48339567,-7221251.70161657,-6861718.52306464,-6405399.32596005,-5845962.19233312,-5677969.49300757,-5648487.94566394,-6047776.10837252,-4434176.27160662,-1567607.231055
"490",-566752299.190972,-172880634.929914,-78676427.2590039,-48379722.0596555,-33469730.5554134,-25290097.5157826,-20150366.745972,-16723770.5913115,-13824541.9182616,-11633693.9062036,-9796419.51599568,-8501063.87046446,-7402224.945315,-7241753.06508832,-6891126.64186522,-6497945.19585872,-5827705.72670066,-5744228.86370364,-5636209.88446511,-6130121.31255016,-5115434.22858992,-1442274.61194882
"492",-573102568.300232,-174817704.364219,-78779073.8409603,-48485506.2063604,-33554012.2509113,-25568551.1939152,-20304407.8365247,-16867408.2052609,-13915049.6928195,-11748259.2156974,-9886814.607932,-8555661.6705397,-7468486.49450099,-7241044.62484263,-6899961.12109674,-6532417.1305404,-5826044.39752058,-5816171.78392715,-5716421.84445308,-6245082.67371646,-5567125.2646291,-1259276.13949433
"494",-579452837.409493,-176754773.798524,-80323443.6649333,-49515433.0066494,-34391340.537057,-26279251.4692391,-20894726.1054175,-17294988.6249191,-14410036.956127,-12063965.3154822,-10203163.4811773,-8847969.2613771,-7802736.49393775,-7477250.53246497,-7143963.10461655,-6749612.30362668,-6021544.53516456,-6030573.75323176,-5954851.06572976,-6520873.72812255,-6000180.5008911,-1893325.70911372
"496",-586074256.583005,-178774554.137286,-82074939.9699253,-51232281.326571,-35633046.6458232,-27018440.7726479,-21637251.1333881,-17926877.9068359,-14858655.7926691,-12586502.1456401,-10662260.4356447,-9219173.16373358,-8261990.24393842,-7748627.50997233,-7401439.53930086,-7023552.15536931,-6281497.02605411,-6272794.5034814,-6222764.82976869,-6756275.16403588,-6365984.23482229,-3203575.98096159
"498",-592966825.820767,-180877045.380504,-82961912.9432466,-52102887.3993221,-36208997.4863933,-27703448.3899307,-22241226.5281866,-18352122.1700439,-15228638.0364428,-12937381.5062376,-10871950.9606374,-9463184.1306809,-8601985.07220703,-7920068.65531898,-7555502.76185639,-7189691.97447932,-6496937.79881716,-6410569.04899385,-6373011.09407608,-6889554.40065169,-6620789.99062609,-4407876.1792827
"500",-599859395.05853,-182979536.623722,-83926251.425871,-52656760.3928816,-36801683.7866983,-28051218.0720459,-22712138.1471842,-18677489.8843184,-15563511.3793181,-13160208.5440134,-11117566.1214139,-9612671.64413352,-8761644.4378464,-7989723.74664339,-7677248.83900753,-7323463.04803707,-6636114.96151444,-6527414.7309168,-6539282.24736027,-7050154.59542777,-6811564.60405573,-5258419.11920385
"502",-651090081.617006,-185184920.41559,-84937783.0868536,-53333541.1617237,-37284870.1088226,-28358628.9004082,-23158835.456924,-18893098.165468,-15781357.5665916,-13372709.3690479,-11291001.0375626,-9775542.48327384,-8975972.07649179,-8078671.66007716,-7826516.90981509,-7442251.23792183,-6788748.07918273,-6610183.06932949,-6655674.04653234,-7149703.76765694,-6942011.64729049,-5767205.67664192
"504",-663431426.567045,-187390304.207458,-85949314.7478363,-53530614.3455799,-37803404.2968817,-28730824.2681766,-23605013.9680992,-19183886.2001498,-16123625.0652073,-13531050.0632976,-11570060.3015917,-9963535.60732885,-9109895.86695728,-8155736.70174244,-7963430.75671203,-7554070.13664899,-6923615.77362928,-6738515.80962841,-6800940.04218375,-7307989.46106245,-7135557.59700155,-6037217.33722997
"506",-671641451.968432,-189631258.022045,-86977161.1220655,-54117059.2793794,-38359287.6242177,-29277380.2604765,-24076978.0300668,-19426756.7099224,-16398321.5056639,-13871223.0615886,-11767390.9597688,-10144788.8349912,-9333610.78720354,-8304414.52838644,-8119989.50576804,-7710875.84729671,-7073101.8536419,-6807076.01024213,-6951287.12968654,-7398962.7763811,-7273279.37271518,-6297781.67443578
"508",-681858532.42676,-191907781.859352,-88021322.2095413,-54276026.4158536,-38737677.2673174,-29665462.2929096,-24334930.5138822,-19669998.509981,-16731679.7620326,-14087303.3143562,-12035835.6142471,-10438006.454469,-9440682.44810963,-8546828.23121563,-8276805.96574233,-7864192.13633523,-7191775.38605045,-6925805.16610117,-7046089.87126153,-7532237.13902602,-7414858.08601547,-6442071.47609279
"510",-691818967.815764,-194184305.69666,-89065483.297017,-54040330.4427573,-39137711.861456,-29900288.4547933,-24688566.0701207,-19890444.3752086,-16872176.4892439,-14316208.717019,-12269202.9693279,-10544807.0404409,-9607700.38088918,-8820868.71437879,-8359064.44255884,-7929206.71132749,-7273052.6243755,-7036105.087207,-7149162.32882892,-7730520.59833193,-7506320.05548155,-6608427.18079897
"512",-696349898.087278,-196440330.946929,-90100242.4065376,-53720514.0907333,-39425445.2260439,-30336290.87662,-24984063.2481775,-20242784.058111,-17203898.6760598,-14604654.988052,-12466663.5656603,-10721691.9135896,-9786304.60037415,-9044904.79881737,-8483052.15762605,-8043718.89741411,-7387246.76421738,-7209601.162931,-7229181.6485878,-7810349.27965938,-7633230.59721711,-6753846.49077005
"514",-707629355.048867,-198696356.197199,-91135001.5160581,-52970748.8083231,-39989389.8349999,-30645484.8303354,-25357230.575654,-20653720.5451894,-17468539.8118773,-14805201.0651734,-12664711.3873339,-10973565.3272862,-9962711.13144183,-9278961.73911048,-8457434.93160546,-8187152.19694555,-7498536.01092382,-7384740.61317123,-7337677.34157462,-7990518.89718471,-7713205.68477642,-6906492.00426701
"516",-718039093.879335,-201001581.875508,-92192327.1243802,-51935587.596225,-40266113.8734598,-30987726.2363126,-25728747.101883,-21082929.6717794,-17731889.5726234,-15055978.6175212,-12861140.8786876,-11201172.5948095,-10173834.1249078,-9391077.30127484,-8541637.73178075,-8292832.5938765,-7670978.62132413,-7495216.36396717,-7384789.12226684,-8115306.62382843,-7825311.98595994,-7052778.60077997
"518",-728056952.874507,-203356007.981858,-93272219.2315039,-50507997.3701848,-40432071.5438106,-31416530.3208703,-26079456.5484063,-21502529.0458077,-17972254.499309,-15306549.7041098,-13095027.1787678,-11370104.926909,-10367569.6901828,-9606339.6344837,-8636535.25502276,-8413082.08074804,-7704749.39270313,-7609306.75253756,-7529122.91879854,-8237256.0928411,-7962044.88294313,-7159187.80109997
"520",-735006399.021482,-205710434.088207,-94352111.3386275,-51092771.5736516,-40627344.2081368,-31713686.8359026,-26422022.6043698,-21792659.6816479,-18138595.8073412,-15428455.3699463,-13374693.6094984,-11545869.4190964,-10538730.0916872,-9732808.00632575,-8855315.815378,-8569970.26938772,-7858261.8031674,-7735880.76457553,-7687658.38819713,-8358680.93115094,-8132413.32654268,-7336502.91984892
"522",-747713085.975421,-203163821.023376,-95512875.5806783,-51721338.9838404,-40886057.2974654,-32131808.2235988,-26786595.9407176,-22324525.2996949,-18413556.249259,-15799400.6023313,-13533554.3483838,-11897462.4287332,-10701600.3922137,-9890856.96122006,-9164237.21531595,-8651011.5672552,-7964184.06958345,-7828430.74239378,-7790475.18120643,-8495134.81327323,-8260183.7415514,-7406559.66921783
"524",-755287089.291802,-210435023.713861,-96673639.8227292,-52349906.3940293,-40743361.5044501,-32546358.9959154,-27125383.413413,-22561147.0518692,-18625060.588101,-16037130.629153,-13831485.8003687,-12108437.5997861,-10964565.4074699,-10163668.3193209,-9403019.92894378,-8765385.29992924,-8087046.19754121,-8001445.67538673,-7971141.42890536,-8593267.93545044,-8409446.5484443,-7550846.13507881
"526",-767781092.650032,-217429444.969405,-97922911.8354211,-53026401.7969646,-40420736.1521091,-32974112.57011,-27442182.7817515,-22965575.581226,-18907952.1768131,-16399237.3056375,-14126309.8706614,-12297933.5715657,-11134337.0806576,-10314295.315303,-9654078.42377152,-8821892.66123821,-8229095.6772233,-8075351.83238403,-8124250.66891835,-8754494.84256601,-8587107.50098889,-7672379.84521709
"528",-777319778.411119,-223523068.0048,-99260691.6187541,-53750825.1926465,-39741132.0070858,-33309201.850152,-28012522.8167916,-23303452.2506597,-19295949.0021977,-16738082.3176513,-14338188.5532576,-12634793.6397939,-11338629.5311044,-10515905.8135702,-9859250.70957043,-8870818.4405973,-8378757.13400096,-8239434.51971079,-8320750.5768121,-8910702.05023135,-8743070.47144019,-7746758.60997181
"530",-791113198.270647,-229433887.582603,-100598471.402087,-54475248.5883283,-38919496.1468464,-33651035.5742711,-28319664.1863636,-23718705.4495304,-19714745.5063997,-16964986.0994567,-14713658.2083177,-12881126.601727,-11612742.9605903,-10694868.5987544,-10071950.8989772,-9034269.17933089,-8535807.98297137,-8355905.43535107,-8413602.22803014,-9022552.23754414,-8886595.45289351,-7948772.92896105
"532",-800069634.393412,-232784152.451129,-101847905.020621,-55151831.5027169,-37638436.2061298,-33945883.7990404,-28695302.6565493,-24058747.2622769,-20225342.3500941,-17283308.6073963,-14899187.3313821,-13063157.3559657,-11821803.7333713,-10849774.4564263,-10274541.1076576,-9164891.83678025,-8698603.49499004,-8529612.71231887,-8569602.25775899,-9183587.50751431,-9064879.9198565,-8077817.46775091
"534",-809732117.482271,-238246952.499393,-103097338.639155,-55828414.4171054,-36297572.750246,-34269625.1325226,-29137985.6825496,-24503184.7015716,-20665709.3819493,-17556815.9512057,-15183485.1561313,-13272046.4184239,-12122005.8424384,-11102833.5894157,-10364885.268417,-9406743.68495858,-8813681.42788728,-8629964.99932265,-8733067.71221399,-9392666.54886006,-9204771.87261416,-8250983.37344393
"536",-822070386.041224,-242422592.222697,-104427566.527012,-56548748.3730808,-34283647.1524285,-34532463.2812825,-29477304.1524332,-24786125.9882284,-21081326.0845636,-17675069.2579936,-15480973.5089435,-13597267.8909297,-12297462.1628029,-11301505.3674444,-10547660.3191533,-9666004.87231577,-8997790.25315266,-8813492.51966159,-8889679.56408494,-9555863.50535797,-9339886.6086253,-8406265.98293913
"538",-833088725.654152,-247309107.216317,-105838588.684193,-57312833.3706432,-32011771.0463077,-34726441.7489501,-29980093.7564758,-25200350.078232,-21438056.9545641,-17884491.4015265,-15781954.7325494,-13756227.4336997,-12573565.914006,-11560439.9792707,-10773173.5232945,-9957129.62108693,-9027369.88130145,-8927721.77065726,-9054617.2706394,-9781971.02848585,-9504279.86773727,-8572393.62303141
"540",-843681620.794398,-252171640.514058,-107249610.841373,-58076918.3682055,-32438546.5617267,-34898194.7393425,-30322192.4061374,-25643161.7243675,-21846959.4190249,-18098412.4490902,-16024148.675309,-14125084.6045841,-12797265.4583485,-11698594.8416309,-10955445.6328162,-10250205.4048656,-9106139.42011102,-9072000.3344935,-9221588.13974724,-9924742.5367167,-9633375.38576297,-8695397.56089208
"542",-854990695.822989,-256273681.851147,-85246021.8796181,-58889443.7603412,-32892378.1958068,-34941406.3851988,-30807220.7323187,-25953915.7516724,-22099234.663166,-18308772.2317498,-16368487.6153946,-14395802.0667999,-13028136.0290934,-11983995.6264923,-11108574.0269196,-10458622.4436401,-9184529.29266553,-9250090.66184923,-9430396.21224952,-10103053.1118539,-9847780.0110068,-8861641.36250287
"544",-866792834.79329,-260453854.753407,-95863047.550346,-59701969.1524768,-33346209.8298869,-34858336.3789474,-31191683.299062,-26320512.5987243,-22581916.738212,-18647279.5404349,-16605601.2798467,-14641716.1787159,-13265100.3444014,-12102285.8001028,-11319466.9261646,-10707751.0536569,-9355599.86910523,-9404828.81135923,-9567911.61401062,-10322585.1244072,-9973748.14024152,-9015333.6853388
"546",-874544245.819802,-264121944.5238,-102983813.761754,-60519058.3276287,-33802590.5401237,-34304236.0582131,-31580628.7089954,-26747091.0010183,-22965995.6110637,-19216301.4155961,-16948186.7822152,-14963204.4100894,-13548220.4091751,-12415354.4714203,-11587156.5028331,-10851012.9442609,-9581175.95830066,-9597073.10090823,-9785491.15411097,-10513972.8522431,-10180368.463602,-9203056.4932522
"548",-891194517.297654,-268726860.109916,-107853495.589176,-61340711.2857969,-34261520.3265173,-33658266.7638771,-32045935.0176911,-27060112.9715154,-23354558.2117512,-19703742.517329,-17203139.7399882,-15289393.1632562,-13812055.891919,-12737211.145416,-11848066.3855556,-11022974.0949813,-9824347.91172104,-9799772.02420802,-9976579.83488507,-10722608.8302582,-10396940.5538109,-9378644.75606623
"550",-899171497.285558,-273286704.493925,-113026220.06803,-62162364.243965,-34720450.1129109,-32489943.4406559,-32523893.4187035,-27512044.7569107,-23681332.6345429,-20193756.9019578,-17423392.3460301,-15511900.3939384,-14108613.8404807,-12986025.3480365,-12084601.2954345,-11306714.0160269,-10153660.9380425,-9906375.37608518,-10114620.4122588,-10867633.0347683,-10605283.7049872,-9489911.83130087
